3,3,20,10,7,13,10,2,5,6,12,11,19,7,8,5,21,5,12134,1754554425.9798524
37,4,8,2,5,2,4,8,2,3,5,18,15,11,11,51,2,17,12135,1754554425.9825788
20,12,28,2,9,0,1,4,8,2,34,13,1,1,5,11,26,9,12136,1754554425.9844246
3,1,4,2,1,8,3,7,6,4,6,1,18,23,0,7,31,10,12134,1754554426.313295
6,3,12,7,2,0,4,9,5,1,6,3,13,4,9,3,10,18,12135,1754554426.3152833
16,1,4,9,5,3,3,2,13,2,9,5,13,12,3,2,20,4,12136,1754554426.3172393
1,1,13,6,2,41,6,4,13,3,0,2,10,30,9,11,0,6,12134,1754554426.648514
37,5,16,17,2,19,3,15,6,6,15,7,12,3,2,19,9,3,12135,1754554426.6506355
4,10,1,12,9,3,3,2,6,2,4,2,10,9,6,1,7,21,12136,1754554426.6526191
19,13,2,6,10,20,9,1,20,4,4,7,10,4,22,1,28,5,12134,1754554426.9811225
43,8,7,4,0,16,0,15,25,5,3,4,5,15,6,20,47,5,12135,1754554426.9832537
4,3,0,3,12,3,4,5,7,1,3,3,11,3,7,6,12,13,12136,1754554426.9931967
30,13,18,7,26,18,1,18,8,3,10,12,17,4,1,14,12,28,12134,1754554427.3176875
30,2,2,7,3,1,3,1,23,0,8,9,7,1,3,21,29,4,12135,1754554427.3186889
1,11,10,7,2,7,5,1,10,6,25,2,7,10,7,10,16,6,12136,1754554427.3246927
20,7,4,33,18,22,1,6,4,7,6,13,10,13,30,6,14,16,12134,1754554427.650383
24,17,6,1,1,2,8,10,4,15,10,8,13,13,15,12,17,1,12135,1754554427.6513875
9,0,0,4,0,6,3,2,4,5,22,10,1,3,4,1,4,6,12136,1754554427.6553898
3,2,5,18,12,15,6,8,7,7,23,4,3,24,27,4,2,2,12134,1754554427.9850845
37,19,9,4,2,4,7,8,1,14,1,28,11,2,15,38,12,3,12135,1754554427.9870813
7,6,9,6,14,2,6,3,11,1,4,13,3,1,4,10,3,5,12136,1754554427.9920893
5,7,38,12,8,3,0,3,1,3,21,8,22,21,8,3,23,19,12134,1754554428.3202212
32,9,6,1,8,1,1,8,5,8,0,19,2,9,2,2,1,12,12135,1754554428.321221
5,5,1,2,9,6,3,3,7,11,8,11,0,6,10,3,19,4,12136,1754554428.3232174
3,19,8,11,9,0,2,10,4,1,15,12,5,3,7,6,14,12,12134,1754554428.6540928
6,16,7,6,4,5,9,1,6,5,7,1,1,9,1,46,3,16,12135,1754554428.6560886
9,4,4,11,6,2,14,1,5,14,16,3,5,4,3,3,14,6,12136,1754554428.6581888
0,16,20,16,4,6,0,15,7,14,3,5,23,31,3,25,17,9,12134,1754554428.9870224
11,13,12,3,1,2,3,10,1,1,1,20,18,22,8,3,13,8,12135,1754554428.9885426
9,4,1,10,0,12,16,1,7,1,6,3,3,2,3,1,3,2,12136,1754554428.989582
4,19,4,14,0,12,25,1,9,12,2,6,3,35,9,9,9,5,12134,1754554429.3233097
10,7,10,7,2,3,5,2,2,2,12,11,10,7,7,30,11,20,12135,1754554429.325322
4,2,2,29,1,16,1,3,2,18,8,3,2,5,1,6,3,5,12136,1754554429.3273206
2,10,1,8,1,4,9,5,11,1,3,4,13,38,10,3,17,46,12134,1754554429.657208
19,5,5,3,2,0,1,3,5,11,7,4,0,9,4,14,38,8,12135,1754554429.6582036
2,11,0,33,0,0,2,4,19,7,1,2,13,1,4,2,0,2,12136,1754554429.6602075
3,6,2,19,4,8,23,1,6,4,19,14,18,1,11,3,7,53,12134,1754554429.991872
10,3,2,7,1,1,1,0,8,6,1,6,2,8,1,9,8,7,12135,1754554429.9948866
0,20,2,3,6,5,3,16,23,7,1,7,13,2,1,4,10,4,12136,1754554429.9970083
10,6,24,27,2,18,4,3,5,10,26,12,26,8,14,0,15,28,12134,1754554430.325201
0,8,21,2,4,1,4,5,15,1,13,17,12,7,2,5,10,15,12135,1754554430.3270943
2,22,1,5,4,13,2,11,13,9,0,1,0,3,3,12,3,6,12136,1754554430.3290951
16,1,18,2,2,23,4,3,7,4,10,1,7,19,7,3,31,29,12134,1754554430.6603286
2,7,30,10,4,4,3,8,9,4,15,5,5,3,3,3,2,12,12135,1754554430.6623309
4,12,8,11,9,3,3,11,17,8,3,4,3,9,4,7,2,6,12136,1754554430.665419
14,1,7,0,12,14,2,18,3,1,7,7,14,1,0,10,21,12,12134,1754554430.994139
3,13,2,9,3,10,3,6,2,5,3,12,12,2,9,30,12,6,12135,1754554430.9971354
2,8,6,10,13,2,7,14,28,6,9,2,7,11,3,5,20,1,12136,1754554430.999136
18,4,2,19,4,11,1,19,2,0,5,9,13,22,9,11,26,13,12134,1754554431.326936
8,7,0,4,2,12,6,5,4,4,3,8,25,14,0,10,6,9,12135,1754554431.328451
3,11,2,26,9,3,1,15,5,4,8,1,4,2,6,7,6,0,12136,1754554431.330865
14,2,9,28,5,22,1,2,1,8,2,7,8,28,3,4,14,15,12134,1754554431.6622589
1,31,0,13,14,0,4,4,9,4,7,1,31,11,8,7,5,9,12135,1754554431.6643603
3,2,0,20,2,13,1,12,3,2,5,4,11,8,3,6,10,0,12136,1754554431.6653552
7,8,26,22,9,22,8,14,4,3,13,1,5,7,18,2,17,9,12134,1754554431.996758
6,34,2,10,14,5,4,1,9,9,21,2,23,0,2,26,6,22,12135,1754554431.9987628
1,9,2,1,21,20,2,3,4,8,0,1,1,5,3,2,1,16,12136,1754554432.0007756
20,12,1,15,4,4,12,6,6,4,4,14,10,31,20,8,58,6,12134,1754554432.3301713
12,10,3,1,6,3,1,1,14,9,27,13,6,19,1,36,6,13,12135,1754554432.332149
8,1,3,6,11,22,3,5,4,0,7,3,8,4,3,0,4,13,12136,1754554432.333163
3,5,13,10,7,15,7,4,2,1,4,6,9,26,11,25,38,13,12134,1754554432.6629283
0,13,2,9,5,4,3,1,0,6,2,12,4,1,1,13,7,6,12135,1754554432.6641269
6,21,6,21,14,18,5,1,0,1,0,0,6,6,0,15,8,1,12136,1754554432.664667
16,9,10,9,3,20,1,1,6,8,10,6,12,16,3,23,10,5,12134,1754554432.9973905
3,1,1,3,1,17,3,3,20,2,19,8,11,23,0,33,13,1,12135,1754554432.9998221
1,3,6,23,4,3,1,8,2,1,1,1,2,7,2,8,0,6,12136,1754554433.0018365
8,3,4,0,6,17,6,12,7,0,17,2,2,30,4,14,1,35,12134,1754554433.3451028
3,2,6,9,27,16,5,6,27,6,8,6,12,2,34,22,11,10,12135,1754554433.346102
10,3,13,27,5,27,9,6,2,3,3,2,11,6,5,9,18,4,12136,1754554433.3471003
3,1,1,3,5,4,12,3,12,4,1,21,2,36,0,17,8,40,12134,1754554433.680465
6,2,6,8,3,10,0,6,0,4,2,16,21,1,5,6,5,12,12135,1754554433.682257
5,4,3,15,5,16,8,15,18,5,17,2,17,2,12,4,18,8,12136,1754554433.6842408
2,14,0,12,4,17,9,4,18,1,26,0,4,21,2,21,6,17,12134,1754554434.0134559
2,21,6,0,25,11,1,16,7,8,2,8,12,25,2,1,4,3,12135,1754554434.0154593
3,10,3,14,5,2,4,2,1,5,11,1,9,6,7,2,6,2,12136,1754554434.0166507
5,4,2,13,7,10,1,18,6,1,15,2,11,23,31,13,29,17,12134,1754554434.34917
1,17,1,4,0,12,13,9,2,7,1,0,18,24,32,16,0,9,12135,1754554434.35117
14,5,15,3,8,10,1,1,4,15,5,2,11,1,2,3,3,7,12136,1754554434.3531823
10,12,6,5,1,3,4,28,22,4,6,19,5,42,30,12,21,29,12134,1754554434.6840036
3,3,5,2,1,8,8,1,2,6,11,4,0,0,1,37,11,34,12135,1754554434.686501
2,1,15,2,2,11,3,1,18,4,24,11,14,3,8,3,5,4,12136,1754554434.6884978
3,10,9,13,3,2,6,29,24,4,14,22,26,22,14,1,2,13,12134,1754554435.016799
7,20,1,13,1,11,9,6,3,2,4,2,2,13,2,28,17,21,12135,1754554435.017798
4,8,2,7,3,10,3,4,7,13,20,10,9,4,5,3,1,3,12136,1754554435.0187967
0,9,15,13,11,20,7,6,9,5,3,28,1,11,32,14,17,13,12134,1754554435.352141
4,9,1,14,5,13,2,6,3,2,20,16,26,11,4,3,24,7,12135,1754554435.3541422
6,2,12,4,6,0,4,2,4,4,4,5,1,5,2,6,2,6,12136,1754554435.3561366
1,16,15,20,13,0,4,11,7,13,14,8,10,28,28,37,16,6,12134,1754554435.6861484
3,21,29,11,6,2,0,9,4,1,5,2,16,3,3,14,7,11,12135,1754554435.6874437
1,2,7,1,5,2,4,6,1,4,13,0,0,1,2,3,5,8,12136,1754554435.6895707
4,23,10,29,1,10,0,9,11,12,18,1,20,1,11,16,11,12,12134,1754554436.0189788
2,0,12,5,3,1,3,5,1,6,4,5,15,2,2,21,22,5,12135,1754554436.0209641
3,7,5,1,2,3,5,3,3,5,22,12,16,7,4,4,7,1,12136,1754554436.023049
13,22,8,26,5,9,8,2,2,6,12,3,12,44,2,22,12,35,12134,1754554436.353957
2,9,4,12,9,3,7,3,5,2,8,12,2,1,8,20,5,16,12135,1754554436.3559735
10,1,5,12,2,2,20,10,23,2,5,16,16,22,2,3,7,0,12136,1754554436.3579707
9,18,8,3,26,11,8,10,3,7,6,8,29,36,16,6,18,54,12134,1754554436.6876085
11,4,9,4,15,17,14,0,5,3,4,0,9,2,5,12,12,28,12135,1754554436.6906276
9,1,32,13,3,3,16,9,13,2,3,19,2,16,3,2,7,16,12136,1754554436.6926236
4,10,23,21,18,9,8,15,1,3,4,6,28,6,29,3,38,41,12134,1754554437.0225484
4,19,8,4,3,14,2,9,3,10,4,11,7,2,5,23,7,34,12135,1754554437.0246606
0,19,17,21,5,2,1,3,19,6,3,15,4,17,4,8,2,13,12136,1754554437.0266612
9,4,6,17,17,4,3,6,1,9,8,6,36,10,18,5,12,41,12134,1754554437.3570137
17,25,10,7,2,3,8,12,4,5,2,8,8,12,22,22,6,4,12135,1754554437.3599067
17,11,7,19,4,7,13,6,28,8,10,5,3,4,6,10,5,2,12136,1754554437.3619044
12,1,19,22,11,11,13,12,16,2,7,0,1,5,1,4,3,8,12134,1754554437.6908462
4,7,14,5,5,4,3,8,3,2,4,0,6,14,7,16,2,5,12135,1754554437.6925397
2,33,36,12,0,14,11,0,1,0,5,1,0,5,7,4,0,7,12136,1754554437.6935875
6,5,14,8,6,1,4,3,5,13,6,4,5,5,33,12,3,2,12134,1754554438.0248098
23,2,4,4,7,3,6,2,1,2,6,12,17,4,17,4,13,13,12135,1754554438.0262208
3,8,22,14,2,10,4,2,12,1,2,8,13,6,7,5,0,1,12136,1754554438.0262208
4,3,16,18,7,15,9,9,9,12,13,10,9,16,12,9,27,6,12134,1754554438.358159
5,3,9,9,6,8,9,6,3,2,2,6,15,0,4,34,0,7,12135,1754554438.360154
26,0,23,1,1,0,19,10,13,2,13,11,12,8,6,2,1,0,12136,1754554438.3611648
12,12,3,5,12,3,14,8,6,17,12,1,10,6,19,3,33,6,12134,1754554438.6925793
7,1,6,1,2,3,5,5,0,7,1,4,2,0,2,28,8,15,12135,1754554438.694576
9,2,12,2,2,5,12,16,3,3,4,10,2,5,2,7,5,3,12136,1754554438.696576
4,8,1,4,11,1,12,3,8,14,15,12,9,11,0,7,32,7,12134,1754554439.027236
3,6,5,3,1,5,6,4,1,5,6,12,8,0,4,27,7,11,12135,1754554439.029242
12,8,10,4,2,3,1,12,14,9,4,26,8,3,11,13,5,1,12136,1754554439.0302336
15,11,2,2,8,3,6,3,3,0,4,15,13,41,2,7,12,3,12134,1754554439.36071
3,2,15,28,3,1,0,12,8,1,6,11,10,11,5,21,12,5,12135,1754554439.3626077
16,1,4,1,11,2,5,9,10,14,4,14,7,4,13,6,4,2,12136,1754554439.3641233
0,2,8,1,5,8,7,2,1,6,8,4,4,38,2,10,0,1,12134,1754554439.695333
16,8,10,23,2,20,4,10,3,2,3,4,3,17,5,11,8,1,12135,1754554439.697432
3,2,34,11,9,15,1,7,1,0,16,2,7,0,10,4,8,1,12136,1754554439.6989074
9,4,9,11,4,16,15,3,6,9,2,2,2,5,11,12,4,17,12134,1754554440.0277941
17,11,12,8,3,20,5,2,15,3,5,1,13,9,5,0,3,30,12135,1754554440.0289037
23,16,22,6,1,17,3,7,7,0,8,8,4,0,9,10,8,6,12136,1754554440.0309072
11,15,11,20,2,2,23,3,6,16,6,9,10,25,13,14,18,14,12134,1754554440.3632722
43,0,3,5,9,2,3,16,1,4,1,14,4,2,14,7,4,30,12135,1754554440.3654752
1,10,23,1,2,3,1,5,4,4,6,14,0,3,4,13,7,8,12136,1754554440.366487
18,22,14,7,3,8,1,10,0,10,17,12,4,11,5,5,23,3,12134,1754554440.6969807
3,1,1,10,6,6,4,20,3,0,10,22,5,10,5,21,5,12,12135,1754554440.698964
9,4,28,11,9,2,2,3,2,1,1,12,6,7,3,8,4,0,12136,1754554440.6999629
2,14,4,17,8,16,5,9,2,15,2,5,8,20,13,3,8,1,12134,1754554441.0316787
25,10,22,18,5,7,1,8,9,2,9,5,5,6,12,20,2,17,12135,1754554441.0346727
3,3,23,10,7,7,11,1,9,1,9,4,10,7,6,10,2,1,12136,1754554441.0366843
2,6,2,3,1,1,18,2,9,19,6,15,4,26,20,5,4,11,12134,1754554441.3658302
27,16,9,17,6,1,1,6,0,8,3,1,0,6,5,4,33,11,12135,1754554441.367828
4,6,1,5,6,7,10,2,6,12,15,0,6,5,5,17,0,2,12136,1754554441.3688278
4,11,12,3,13,1,18,15,5,10,42,9,24,26,1,13,42,19,12134,1754554441.7005684
2,7,12,19,0,0,2,1,2,11,4,3,7,3,3,17,11,2,12135,1754554441.7025042
5,9,14,7,1,9,3,7,13,14,9,13,3,4,2,20,4,5,12136,1754554441.70384
9,16,26,16,2,5,7,1,6,4,37,5,32,17,19,7,17,15,12134,1754554442.03507
7,1,13,0,3,4,1,3,11,15,1,3,9,2,0,11,30,10,12135,1754554442.0376081
1,16,17,14,1,1,0,5,14,6,5,7,5,14,12,7,9,6,12136,1754554442.0396056
8,4,0,4,15,3,13,16,4,20,7,3,3,7,8,2,28,17,12134,1754554442.3699899
2,18,18,35,4,1,1,1,22,13,2,7,1,9,5,28,20,0,12135,1754554442.371782
10,5,28,13,1,6,0,2,1,2,2,3,3,0,4,5,10,4,12136,1754554442.3737953
11,6,15,2,4,6,13,10,0,10,4,3,14,5,13,7,11,8,12134,1754554442.7031322
8,15,2,27,9,3,1,2,4,5,18,1,7,4,4,12,8,3,12135,1754554442.705133
14,3,9,13,3,6,0,10,7,2,4,1,7,12,7,13,3,1,12136,1754554442.7061317
14,2,1,5,18,6,1,15,7,15,3,9,13,5,1,8,20,3,12134,1754554443.0371752
8,1,2,13,2,3,12,3,9,3,16,1,4,13,5,21,7,1,12135,1754554443.0384524
5,13,29,14,4,9,1,9,3,4,3,10,4,4,17,5,5,5,12136,1754554443.040049
7,11,3,20,4,5,10,5,7,2,2,10,29,31,11,18,7,30,12134,1754554443.3938851
18,0,5,24,4,6,15,2,8,6,2,3,15,15,1,17,14,8,12135,1754554443.3947864
1,10,2,2,13,1,4,3,2,17,6,21,1,1,18,2,1,1,12136,1754554443.3958704
6,20,13,10,15,19,16,9,3,9,8,8,30,15,12,2,4,35,12134,1754554443.7355664
4,1,4,4,9,1,3,4,7,0,4,3,10,5,2,2,0,17,12135,1754554443.7415583
4,0,2,4,11,5,3,1,7,22,6,0,2,1,1,6,5,3,12136,1754554443.746565
11,2,9,7,20,14,6,15,13,1,4,10,26,19,7,2,27,30,12134,1754554444.0617447
8,4,4,4,12,11,3,4,1,3,5,7,2,6,0,9,0,23,12135,1754554444.0638692
19,6,1,2,2,0,8,3,11,9,1,5,2,12,3,0,1,4,12136,1754554444.0648744
6,5,8,25,24,7,11,10,15,9,7,19,4,21,0,10,19,10,12134,1754554444.3969438
6,5,11,5,2,5,7,4,8,1,0,14,3,3,1,21,11,3,12135,1754554444.3989406
23,11,6,3,21,6,0,3,6,3,8,17,5,12,5,0,7,0,12136,1754554444.4008405
16,21,19,6,10,12,1,14,4,0,3,34,1,16,11,25,13,25,12134,1754554444.730404
6,5,4,4,4,1,6,0,6,3,6,7,3,5,5,10,5,18,12135,1754554444.7323027
3,7,6,2,23,0,0,2,5,6,6,1,1,0,3,8,1,2,12136,1754554444.7333584
6,2,0,1,13,34,2,14,5,13,20,1,21,36,0,3,0,12,12134,1754554445.0649862
33,3,10,3,7,2,1,1,2,17,4,27,9,10,7,5,12,2,12135,1754554445.1016643
11,8,2,11,2,14,12,4,11,4,1,18,6,4,6,1,16,2,12136,1754554445.1022766
32,14,13,4,3,5,6,24,4,16,5,31,4,5,10,36,9,22,12135,1754554445.4016588
1,14,2,11,2,14,11,14,1,1,24,1,6,5,1,1,7,3,12136,1754554445.403661
4,11,14,1,2,5,1,17,10,4,6,32,3,1,7,7,8,1,12135,1754554445.7346876
7,4,3,1,3,9,0,8,12,15,13,9,2,3,2,1,3,0,12136,1754554445.736666
1,18,11,2,2,2,1,13,12,1,3,13,4,8,8,31,4,18,12135,1754554446.0694895
5,3,11,7,2,4,0,4,12,10,10,8,6,7,3,4,11,4,12136,1754554446.0714886
8,1,4,8,4,1,1,9,9,1,3,11,2,5,4,9,9,5,12135,1754554446.4030936
12,2,1,3,9,11,1,2,8,9,31,2,1,11,1,6,11,9,12136,1754554446.4060163
0,1,8,11,12,4,2,9,3,0,6,6,4,3,4,11,9,9,12135,1754554446.7354574
17,3,8,5,5,2,5,5,10,8,29,4,7,10,0,3,2,9,12136,1754554446.7364588
2,17,3,2,11,6,7,3,6,1,9,12,13,4,10,20,2,3,12135,1754554447.0719314
7,3,2,2,6,2,3,3,5,2,4,1,9,5,1,14,4,7,12136,1754554447.0739322
6,15,3,8,14,7,5,15,5,5,3,33,7,7,8,27,4,13,12135,1754554447.4064825
10,0,8,4,2,2,1,5,10,6,9,1,10,2,1,5,1,11,12136,1754554447.4084785
2,15,5,11,11,3,9,10,1,15,2,11,11,18,2,16,3,5,12135,1754554447.739809
7,8,2,5,1,0,4,13,16,2,6,3,6,1,4,7,2,3,12136,1754554447.7419116
5,23,3,12,3,3,8,2,2,2,4,19,28,9,1,6,3,24,12135,1754554448.073697
2,1,3,3,2,21,6,14,12,5,3,0,3,1,5,0,2,6,12136,1754554448.075837
3,1,2,5,14,1,2,10,9,8,10,8,8,4,5,18,8,37,12135,1754554448.40981
8,4,1,1,1,23,0,10,16,17,2,2,3,5,10,6,15,15,12136,1754554448.4127452
1,5,2,3,11,3,9,10,16,4,2,15,14,17,11,23,3,27,12135,1754554448.7428753
14,2,4,4,0,1,3,0,13,10,4,7,4,8,7,3,14,23,12136,1754554448.744908
1,2,4,0,4,12,13,8,0,3,4,25,23,6,9,4,4,18,12135,1754554449.0761034
16,15,2,12,5,3,3,1,0,2,3,16,1,3,7,2,3,2,12136,1754554449.077104
6,24,2,7,7,25,3,17,4,5,5,17,5,8,1,17,2,10,12135,1754554449.412685
2,8,1,2,1,7,2,1,1,6,7,1,8,5,8,3,5,0,12136,1754554449.4136865
8,10,1,9,17,2,10,11,2,8,8,25,15,14,12,17,4,9,12135,1754554449.7463987
6,13,3,7,4,10,2,3,2,6,1,12,11,13,7,4,27,25,12136,1754554449.749396
8,39,1,5,28,17,13,8,1,3,20,16,28,6,3,13,5,11,12135,1754554450.078912
6,25,6,6,1,9,12,9,15,1,2,9,2,9,4,3,16,25,12136,1754554450.079911
5,31,7,1,7,19,2,1,6,5,4,10,11,1,2,23,20,15,12135,1754554450.4137056
3,11,6,3,5,0,9,3,14,14,6,5,0,0,7,2,6,0,12136,1754554450.4157026
13,22,3,10,1,5,1,8,4,4,5,2,9,6,9,5,26,13,12135,1754554450.7481182
7,9,1,12,3,8,2,5,3,8,7,7,1,5,1,0,2,3,12136,1754554450.751111
6,15,3,8,12,2,3,5,3,3,4,7,15,9,30,49,25,11,12135,1754554451.0824034
3,19,0,10,3,2,2,1,4,2,5,3,8,2,4,1,7,7,12136,1754554451.0843987
5,25,9,9,7,4,1,1,1,5,3,17,23,4,26,21,3,0,12135,1754554451.4214087
11,9,1,11,6,6,3,11,5,3,5,1,1,3,4,7,4,5,12136,1754554451.4229248
8,4,7,18,5,6,5,3,0,0,4,1,10,2,1,15,19,4,12135,1754554451.7495103
6,1,5,16,11,0,3,14,3,4,2,2,8,15,3,3,12,19,12136,1754554451.7515123
5,2,4,22,4,3,2,6,12,1,15,25,2,7,5,39,22,5,12135,1754554452.084336
7,0,11,11,0,3,9,4,0,6,0,3,5,13,8,2,2,17,12136,1754554452.0864754
21,7,7,16,5,17,2,11,12,8,14,7,11,9,3,41,20,6,12135,1754554452.4199178
2,7,14,22,2,3,6,6,6,1,2,0,7,20,5,4,2,1,12136,1754554452.4229143
36,5,6,14,1,11,2,7,11,2,4,2,8,6,3,20,25,10,12135,1754554452.7530856
15,17,0,9,6,7,2,7,9,5,2,3,2,24,4,4,3,5,12136,1754554452.7544978
22,3,11,2,6,2,9,4,1,2,1,5,5,15,12,9,12,2,12135,1754554453.0875666
2,11,14,18,10,21,0,10,15,7,16,1,10,16,2,1,10,0,12136,1754554453.0906663
7,3,19,12,6,3,4,7,1,4,22,2,17,0,10,26,25,4,12135,1754554453.4466963
8,10,11,13,1,29,0,2,10,4,22,16,2,7,15,1,13,1,12136,1754554453.4486942
7,8,7,7,6,4,3,11,12,3,27,7,16,3,3,1,22,15,12135,1754554453.7774029
16,21,6,1,3,13,1,2,12,11,6,13,4,2,3,5,8,1,12136,1754554453.7804534
4,12,18,30,7,3,5,4,1,8,4,11,3,7,3,3,19,15,12135,1754554454.110565
6,5,7,12,1,13,3,1,18,2,9,20,1,1,3,1,1,3,12136,1754554454.1160982
14,1,11,15,9,2,3,0,10,0,13,7,0,9,11,16,5,4,12135,1754554454.4439516
16,2,4,12,1,12,2,7,1,2,25,7,1,4,5,5,4,0,12136,1754554454.44595
21,4,16,10,10,5,1,2,7,9,16,2,7,9,37,12,4,12,12135,1754554454.778973
2,2,36,4,3,6,0,3,3,2,22,2,6,2,12,2,8,12,12136,1754554454.7809722
11,14,11,14,2,3,2,6,2,4,8,0,11,22,27,9,15,21,12135,1754554455.1132643
4,8,29,7,8,3,4,14,1,4,0,19,4,8,18,2,9,8,12136,1754554455.1152632
18,16,8,30,1,0,9,18,3,2,5,7,7,27,8,12,26,27,12135,1754554455.447374
7,2,1,2,5,1,0,14,0,11,5,1,3,4,3,37,1,8,12136,1754554455.4518983
27,8,0,5,1,6,11,14,8,0,1,11,3,1,3,34,24,17,12135,1754554455.781389
21,1,36,7,4,2,4,3,3,12,9,15,3,1,1,8,6,19,12136,1754554455.7823894
7,4,5,3,10,0,1,2,4,1,30,3,6,3,1,9,8,7,12135,1754554456.1152728
20,1,15,1,1,6,16,3,0,0,13,7,5,4,2,26,10,18,12136,1754554456.1174197
13,10,1,16,11,5,0,1,3,1,8,2,12,11,7,7,4,1,12135,1754554456.4484413
9,1,2,2,1,2,1,3,2,0,1,5,8,11,6,2,8,1,12136,1754554456.4504406
24,4,22,5,10,3,3,6,4,2,19,5,3,8,3,21,19,12,12135,1754554456.7838247
9,0,34,18,2,4,15,1,4,1,16,14,15,11,4,5,3,18,12136,1754554456.7872841
30,8,1,2,9,1,2,13,0,2,3,4,0,32,1,11,11,13,12135,1754554457.11792
4,2,3,15,0,3,2,0,0,1,18,28,15,3,7,7,25,15,12136,1754554457.1189194
4,1,7,2,7,1,2,24,0,3,3,3,2,32,6,48,9,27,12135,1754554457.4500468
11,3,33,6,3,2,3,2,5,9,1,18,6,2,9,8,20,3,12136,1754554457.452043
10,8,2,2,2,1,2,2,2,8,4,9,0,2,11,53,11,35,12135,1754554457.784877
3,5,16,2,1,5,1,1,1,10,1,0,3,3,12,19,8,1,12136,1754554457.785875
9,1,6,6,0,1,3,3,2,4,5,10,9,6,4,13,23,4,12135,1754554458.118856
0,3,20,17,3,0,5,3,1,0,2,10,1,5,4,0,9,0,12136,1754554458.1208231
23,3,11,3,6,0,1,1,1,7,2,0,2,3,12,9,9,6,12135,1754554458.4543076
37,6,12,19,14,6,1,1,1,6,10,0,1,5,13,2,4,17,12136,1754554458.455313
27,0,1,0,2,4,1,0,3,5,2,3,32,6,6,12,8,3,12135,1754554458.7874243
22,8,14,0,17,2,2,0,3,6,9,9,0,1,11,1,5,11,12136,1754554458.7894294
1,6,8,10,5,1,0,11,5,5,3,2,39,20,3,3,5,2,12135,1754554459.1222022
19,1,1,3,1,1,12,8,17,13,1,18,2,17,9,1,6,4,12136,1754554459.124288
5,5,12,1,1,1,7,7,6,6,13,2,0,14,7,1,13,7,12135,1754554459.4560194
1,22,28,5,1,2,2,14,12,22,3,20,1,7,1,3,4,7,12136,1754554459.4581132
2,3,14,0,6,12,4,4,5,7,11,5,13,1,17,7,17,13,12135,1754554459.7897177
4,26,5,6,3,3,2,23,3,6,6,2,3,8,4,1,1,4,12136,1754554459.7913272
20,34,3,11,1,1,10,4,2,1,0,1,5,1,8,50,5,7,12135,1754554460.1247835
6,8,16,11,5,2,11,0,11,9,1,1,4,10,18,4,2,15,12136,1754554460.126781
14,27,13,0,7,18,7,3,2,7,6,3,4,4,8,25,12,17,12135,1754554460.4582877
4,25,18,18,1,4,12,2,1,6,6,2,5,1,9,1,0,18,12136,1754554460.4612818
8,13,7,10,5,0,4,12,5,5,2,12,5,1,1,18,2,23,12135,1754554460.7914934
5,35,5,6,2,3,7,1,3,8,5,24,10,6,2,8,1,3,12136,1754554460.7944913
6,12,5,14,4,15,11,10,13,17,8,5,4,8,1,40,3,4,12135,1754554461.126724
1,27,16,2,2,2,4,0,2,12,1,22,11,3,7,6,2,8,12136,1754554461.1287088
13,6,10,12,2,13,2,1,15,23,12,13,0,3,5,32,9,1,12135,1754554461.464135
9,27,12,2,4,3,1,1,13,1,5,4,12,6,15,9,6,37,12136,1754554461.4651444
12,2,3,1,1,8,6,1,3,5,8,0,2,4,8,26,3,15,12135,1754554461.7939405
10,2,5,4,10,6,0,3,2,0,10,13,8,7,12,10,4,44,12136,1754554461.7959347
32,3,38,0,0,9,8,0,3,4,8,8,3,3,3,16,11,8,12135,1754554462.1296847
9,3,32,3,7,7,9,1,7,5,12,5,2,7,10,15,1,2,12136,1754554462.1322176
24,35,35,3,0,23,2,7,0,8,37,6,21,2,4,14,0,4,12135,1754554462.4622943
4,7,20,3,2,1,3,1,2,5,19,4,12,10,3,5,0,22,12136,1754554462.4642904
9,8,8,4,1,14,3,3,5,4,32,7,20,7,4,3,8,1,12135,1754554462.7958062
6,10,17,0,14,4,8,1,19,15,20,2,7,1,1,3,4,16,12136,1754554462.7978072
1,9,2,8,2,6,2,3,5,2,4,0,3,6,6,19,13,1,12135,1754554463.1317978
12,5,1,2,13,3,2,5,20,11,3,2,7,1,8,2,2,7,12136,1754554463.1336968
2,13,7,6,7,11,0,1,5,1,5,2,4,9,1,23,11,16,12135,1754554463.4864333
0,10,21,2,14,14,2,7,2,0,6,21,12,0,2,4,2,14,12136,1754554463.4884317
11,24,6,4,4,11,6,7,10,4,14,34,16,7,5,2,21,10,12135,1754554463.8196447
8,3,23,0,9,20,4,6,13,3,7,21,13,8,2,1,9,5,12136,1754554463.8206522
16,11,2,1,6,11,13,6,12,11,4,5,25,6,17,9,6,25,12135,1754554464.1557312
7,0,25,4,2,2,7,17,16,3,9,2,4,9,6,1,8,10,12136,1754554464.15863
3,4,0,3,14,0,13,20,7,9,1,1,27,10,23,12,8,1,12135,1754554464.4896207
2,2,3,1,4,3,3,17,19,11,13,4,1,0,11,2,17,11,12136,1754554464.4916172
3,15,1,5,22,3,5,25,6,2,11,8,5,3,0,1,2,11,12135,1754554464.8259473
7,5,24,4,3,0,7,19,3,11,6,4,0,0,13,3,15,4,12136,1754554464.8279452
7,39,1,3,13,21,0,6,5,8,2,3,1,5,8,13,4,3,12135,1754554465.1571898
7,7,1,6,2,5,3,4,2,4,5,5,2,1,7,2,13,2,12136,1754554465.1591446
14,36,2,8,13,25,3,19,5,8,4,13,27,2,8,20,3,2,12135,1754554465.495444
10,12,4,15,4,5,6,3,6,3,15,1,3,2,8,0,7,5,12136,1754554465.4973383
9,6,9,3,28,5,2,3,6,11,0,4,26,16,4,27,15,13,12135,1754554465.8252673
1,14,3,15,19,23,1,7,4,13,8,0,8,5,9,4,15,4,12136,1754554465.8258264
5,21,7,6,36,6,3,20,7,10,15,27,25,10,6,6,14,49,12135,1754554466.159161
8,9,5,6,6,6,6,3,21,4,3,4,4,9,0,5,15,15,12136,1754554466.1611643
1,1,0,4,9,8,9,4,9,0,22,9,17,7,2,36,3,28,12135,1754554466.4931824
8,10,2,6,27,13,8,0,6,1,3,2,3,2,5,2,4,19,12136,1754554466.4989765
13,21,4,21,1,10,11,4,7,8,4,11,6,10,10,44,0,15,12135,1754554466.8284755
18,7,9,29,6,6,2,0,2,6,0,3,3,2,6,4,3,3,12136,1754554466.8305898
18,2,2,15,4,3,13,2,11,7,1,11,4,16,9,3,6,0,12135,1754554467.1615777
3,2,11,19,6,2,6,2,22,6,7,4,11,3,4,5,3,3,12136,1754554467.1625862
8,5,4,3,3,2,5,9,3,1,1,14,0,13,14,43,10,5,12135,1754554467.496563
1,9,1,4,10,2,3,1,4,1,6,1,13,2,4,2,12,6,12136,1754554467.4974627
5,1,19,28,4,4,2,6,1,0,0,15,9,4,6,51,15,9,12135,1754554467.8306427
8,26,2,2,1,7,9,7,9,4,5,1,12,3,2,0,5,19,12136,1754554467.8331556
44,13,15,27,3,2,9,9,0,11,5,29,8,17,1,40,0,6,12135,1754554468.163001
9,2,3,1,7,6,0,7,8,15,7,1,3,0,0,2,1,14,12136,1754554468.1649961
45,5,15,30,4,3,6,8,3,14,4,13,6,6,3,11,30,28,12135,1754554468.4980304
7,5,3,12,6,9,6,2,6,10,11,7,1,5,5,4,8,1,12136,1754554468.5010278
33,4,1,26,1,4,3,1,10,7,6,11,1,8,2,20,35,23,12135,1754554468.831351
8,2,3,9,7,21,4,5,3,0,7,2,4,9,7,4,5,2,12136,1754554468.831351
6,5,2,2,3,4,2,1,3,8,4,16,2,29,10,24,22,2,12135,1754554469.1673856
10,2,1,6,2,19,1,17,17,1,4,4,1,7,0,10,2,8,12136,1754554469.1698012
3,4,14,7,13,4,6,1,5,3,8,7,22,24,3,13,3,10,12135,1754554469.5028772
14,3,0,1,4,3,5,13,4,8,1,5,9,3,1,8,11,4,12136,1754554469.503882
24,12,4,14,12,17,0,1,12,15,5,8,22,14,8,25,13,10,12135,1754554469.8345246
11,23,0,11,6,32,9,5,2,0,0,1,7,20,5,0,4,1,12136,1754554469.837526
11,17,14,6,12,18,9,8,1,9,8,1,4,12,2,7,12,3,12135,1754554470.1687336
9,29,8,1,1,29,4,4,19,1,2,5,23,5,8,0,3,2,12136,1754554470.170571
1,4,1,11,13,1,5,13,1,1,11,8,1,2,7,3,13,4,12135,1754554470.5020971
3,2,5,10,8,15,5,2,1,8,0,2,24,8,6,7,5,2,12136,1754554470.5041206
9,1,2,9,13,2,3,13,2,4,18,0,6,3,2,31,8,18,12135,1754554470.838024
25,3,14,12,4,15,7,5,8,6,1,8,2,8,2,0,6,7,12136,1754554470.8400238
5,8,1,22,12,6,6,0,2,6,3,3,3,9,5,11,8,17,12135,1754554471.1706233
18,13,7,9,23,2,1,11,1,21,1,1,4,1,14,9,18,14,12136,1754554471.1737158
2,8,11,37,2,2,7,6,13,4,7,3,11,2,10,5,18,14,12135,1754554471.5057244
2,3,6,12,19,7,1,11,0,21,8,4,6,6,11,4,23,1,12136,1754554471.507735
25,5,3,4,12,3,1,12,15,2,4,5,3,12,17,12,16,2,12135,1754554471.8397412
3,4,2,14,0,8,0,2,1,21,11,3,4,5,4,1,5,0,12136,1754554471.841846
35,3,26,22,1,7,3,2,5,0,25,11,1,17,15,6,7,2,12135,1754554472.1752608
2,16,8,9,1,2,0,9,1,16,11,9,4,2,4,6,3,6,12136,1754554472.1801054
9,2,8,7,10,1,4,2,1,1,17,3,4,1,5,24,4,26,12135,1754554472.5096757
8,15,7,3,0,2,6,5,10,0,10,7,4,6,21,13,6,2,12136,1754554472.5126748
37,8,9,2,4,4,2,4,4,3,9,14,1,5,17,9,6,2,12135,1754554472.842287
12,4,22,7,0,1,8,5,9,4,4,1,1,7,13,6,4,5,12136,1754554472.8433912
11,8,10,30,0,3,6,10,2,5,6,29,5,7,9,13,15,6,12135,1754554473.1774526
2,12,1,9,4,0,16,0,0,4,3,2,1,3,17,5,1,8,12136,1754554473.1805396
9,15,5,7,1,7,0,3,5,2,7,30,1,0,13,8,14,15,12135,1754554473.5329578
10,14,4,6,2,2,13,1,1,2,13,5,1,8,20,5,6,6,12136,1754554473.5341964
24,5,12,9,4,2,9,6,6,2,9,18,3,6,16,5,6,4,12135,1754554473.8669057
5,13,14,11,4,10,3,5,7,18,20,2,3,7,9,3,3,9,12136,1754554473.8689058
29,5,1,2,2,3,4,1,9,3,8,14,4,17,7,14,9,3,12135,1754554474.2039626
6,28,14,2,5,10,1,5,12,19,4,6,1,19,12,2,2,4,12136,1754554474.2069771
8,3,14,1,3,6,4,9,7,7,10,18,7,7,1,26,1,13,12135,1754554474.5346086
4,23,30,9,1,1,0,4,1,1,2,22,14,20,19,0,1,4,12136,1754554474.5346086
3,13,2,18,1,8,1,4,2,8,12,19,7,14,8,7,16,1,12135,1754554474.873913
4,11,5,2,5,2,1,5,1,3,8,7,3,5,2,6,1,1,12136,1754554474.8756247
5,4,6,8,3,1,3,5,3,1,6,27,11,3,3,22,3,3,12135,1754554475.2053137
4,12,39,2,0,3,2,7,6,12,1,12,7,10,4,4,10,6,12136,1754554475.206333
11,7,11,3,0,2,1,7,5,2,3,16,13,0,0,4,28,12,12135,1754554475.5396416
10,15,46,2,1,10,3,7,1,16,9,12,4,17,16,6,13,2,12136,1754554475.54263
10,6,11,5,3,3,2,6,9,10,7,12,20,5,25,19,9,5,12135,1754554475.8743186
7,10,10,12,2,14,5,2,3,5,4,16,6,8,2,4,2,5,12136,1754554475.8763156
3,8,7,9,2,3,1,2,3,10,7,3,10,2,30,4,4,11,12135,1754554476.209781
6,7,1,10,1,15,2,2,8,5,6,14,3,7,16,19,1,5,12136,1754554476.2117846
10,7,11,8,8,6,2,8,2,3,1,20,8,17,1,14,13,18,12135,1754554476.541753
10,24,20,6,4,7,1,9,9,4,0,10,3,2,8,3,1,5,12136,1754554476.5437515
2,4,6,14,10,8,5,4,3,4,6,6,5,13,6,29,4,10,12135,1754554476.8768167
11,28,4,2,0,8,3,11,22,11,8,4,5,0,10,8,5,5,12136,1754554476.8787296
7,16,4,18,2,3,4,2,9,5,15,25,13,5,5,5,5,16,12135,1754554477.2107341
11,14,11,9,3,4,5,22,16,10,4,1,2,0,16,17,12,5,12136,1754554477.2127347
18,17,5,18,2,5,6,6,8,6,6,24,4,4,3,4,9,12,12135,1754554477.5508628
2,7,9,12,3,1,10,2,2,5,4,18,2,0,5,1,8,1,12136,1754554477.5529835
1,1,0,5,2,2,3,4,5,7,2,24,17,1,11,16,5,10,12135,1754554477.880121
2,14,9,1,1,4,1,2,5,16,3,5,4,3,19,5,2,2,12136,1754554477.88324
1,3,10,9,7,1,0,1,5,6,1,24,30,2,14,20,6,4,12135,1754554478.213967
8,2,14,0,3,2,5,1,9,14,4,22,1,3,2,6,0,1,12136,1754554478.2169669
1,2,12,4,7,8,9,10,2,6,3,19,26,4,5,2,12,0,12135,1754554478.5468478
8,2,9,1,3,2,5,2,9,4,13,4,1,0,4,3,1,1,12136,1754554478.54795
2,0,9,11,0,3,13,4,6,5,13,9,11,7,5,3,16,17,12135,1754554478.8829904
13,5,12,4,0,2,10,3,12,1,7,1,2,1,1,2,7,6,12136,1754554478.885989
5,2,7,7,4,5,2,2,0,1,12,28,16,1,12,40,13,33,12135,1754554479.217514
15,6,8,7,6,7,6,3,8,1,8,5,10,5,5,8,11,4,12136,1754554479.219615
3,22,0,7,0,2,0,2,3,1,3,19,2,3,7,41,6,19,12135,1754554479.5519748
8,1,25,3,1,2,2,2,18,8,5,5,11,1,1,4,6,2,12136,1754554479.5539749
7,17,5,3,4,1,1,1,6,3,6,20,26,9,9,15,1,18,12135,1754554479.8857946
9,6,28,16,1,10,5,9,28,13,1,0,3,1,3,7,1,12,12136,1754554479.8878982
2,18,3,2,0,0,15,3,11,9,7,17,3,3,14,4,7,16,12135,1754554480.2204378
7,17,17,14,2,1,3,10,6,16,4,2,5,7,2,6,1,12,12136,1754554480.222955
7,27,5,8,2,1,11,1,4,8,6,15,19,1,7,17,4,11,12135,1754554480.5551138
9,6,6,1,6,0,7,2,13,12,10,1,6,11,7,5,1,22,12136,1754554480.5571105
5,13,10,5,8,3,5,3,2,4,0,38,6,5,5,18,7,26,12135,1754554480.8897748
2,4,9,3,5,4,7,5,4,10,4,9,2,6,5,2,1,18,12136,1754554480.8916688
1,3,3,4,1,7,5,8,5,1,13,12,0,14,14,17,5,28,12135,1754554481.2224157
4,9,4,6,12,1,7,2,7,6,16,12,2,4,1,0,2,4,12136,1754554481.2253146
3,5,1,3,11,6,13,3,2,2,6,3,2,11,19,24,5,35,12135,1754554481.5630138
11,8,0,11,7,1,7,3,13,20,6,2,3,2,2,4,1,5,12136,1754554481.5639138
5,36,6,9,15,12,9,2,1,1,3,19,12,14,6,21,2,31,12135,1754554481.8914793
0,0,10,12,3,0,1,2,3,22,4,5,5,10,5,3,3,6,12136,1754554481.893581
9,18,6,0,8,0,7,0,16,2,7,3,14,10,5,3,11,8,12135,1754554482.224796
7,9,5,3,2,1,2,2,18,8,4,4,2,1,2,8,0,0,12136,1754554482.2267408
8,22,3,9,7,19,2,16,21,7,34,7,3,3,4,12,6,9,12135,1754554482.558342
11,18,11,7,5,1,2,5,21,6,22,5,7,6,0,9,3,1,12136,1754554482.5593402
0,8,1,7,2,15,2,1,22,8,26,14,12,4,2,15,12,27,12135,1754554482.8907032
0,7,0,11,5,1,1,6,5,8,26,1,1,10,4,3,3,0,12136,1754554482.8907032
3,30,3,2,12,11,4,11,22,8,24,4,8,19,7,5,2,7,12135,1754554483.2276669
2,2,1,1,3,0,2,9,5,17,2,6,2,7,2,6,26,16,12136,1754554483.2306838
8,16,1,1,9,5,6,24,11,6,11,14,3,17,1,11,7,13,12135,1754554483.5908794
2,9,2,2,3,35,1,0,2,7,0,6,4,3,0,2,5,10,12136,1754554483.5928948
1,22,0,1,2,4,3,21,1,17,0,21,2,3,8,3,6,24,12135,1754554483.9242787
3,2,4,14,8,35,2,3,9,1,10,2,1,9,3,7,26,4,12136,1754554483.9252875
6,45,7,17,0,5,2,24,11,16,11,5,9,6,1,12,1,25,12135,1754554484.2586505
2,9,6,13,1,1,1,2,1,11,4,4,5,1,1,2,2,9,12136,1754554484.2586505
1,25,6,10,5,6,3,3,3,0,1,4,15,12,3,15,4,1,12135,1754554484.5956755
10,2,4,10,0,6,0,3,4,16,3,8,1,13,1,0,2,3,12136,1754554484.5966737
2,7,7,1,4,1,0,7,9,2,3,15,9,4,3,37,16,5,12135,1754554484.9297042
9,12,5,30,3,4,1,8,11,4,7,3,6,22,3,2,5,0,12136,1754554484.9326565
4,10,5,11,4,2,3,5,6,0,2,7,28,4,5,16,15,9,12135,1754554485.263261
1,1,6,25,8,11,1,11,10,8,1,3,5,17,3,2,1,10,12136,1754554485.2652147
18,1,7,10,2,0,2,4,2,4,9,1,22,5,6,7,14,6,12135,1754554485.59884
14,3,4,5,1,6,6,3,5,18,4,3,0,2,5,9,10,4,12136,1754554485.6017306
14,2,4,27,1,6,10,6,1,1,16,12,16,12,10,4,12,7,12135,1754554485.936982
9,8,13,1,4,22,0,6,11,1,3,2,5,5,3,8,25,8,12136,1754554485.938983
6,5,13,22,1,6,2,7,3,0,10,1,14,16,6,8,1,9,12135,1754554486.2656896
15,6,2,10,0,29,7,9,25,16,7,4,2,0,0,2,18,2,12136,1754554486.2656896
30,0,27,11,1,23,5,2,5,5,14,5,8,2,3,5,14,4,12135,1754554486.6008008
2,9,1,13,5,31,1,5,19,11,6,5,8,3,6,0,14,2,12136,1754554486.6018007
21,2,16,10,1,25,3,4,4,4,8,5,13,17,4,7,2,1,12135,1754554486.9388394
16,30,0,8,10,27,15,7,19,17,4,2,0,2,6,14,7,2,12136,1754554486.940945
7,12,4,21,2,10,8,1,2,3,2,5,4,14,6,13,1,6,12135,1754554487.2695332
12,23,0,6,5,0,15,4,3,8,4,2,11,2,4,12,4,3,12136,1754554487.2715247
9,2,7,24,5,9,7,2,12,13,0,21,3,2,1,15,6,13,12135,1754554487.6047087
0,5,9,12,10,3,2,7,7,11,4,2,10,5,7,1,4,2,12136,1754554487.6066616
17,10,14,8,8,14,4,0,12,13,2,31,3,3,6,15,18,2,12135,1754554487.9378188
11,1,4,8,8,2,1,3,1,2,1,1,9,9,7,2,5,4,12136,1754554487.9388213
28,1,12,12,14,5,1,2,18,3,6,1,8,4,2,23,18,8,12135,1754554488.273744
6,11,0,7,15,26,5,3,6,3,7,1,9,5,5,0,6,3,12136,1754554488.275741
22,5,14,16,1,3,4,1,18,2,6,1,4,9,7,22,38,8,12135,1754554488.6064985
8,10,2,12,9,16,3,5,2,8,5,4,4,0,5,2,8,3,12136,1754554488.6095386
24,4,5,3,7,11,4,8,4,4,3,21,7,12,10,15,25,13,12135,1754554488.9412165
5,5,6,9,6,7,2,1,3,5,3,8,15,1,3,4,5,9,12136,1754554488.943213
30,3,4,10,3,7,2,1,0,8,8,30,6,7,3,15,2,13,12135,1754554489.275569
15,4,11,10,10,2,1,4,0,0,7,3,8,4,3,0,3,0,12136,1754554489.2790976
17,2,5,25,2,7,4,9,3,6,3,2,8,2,10,11,12,2,12135,1754554489.608617
5,6,5,17,10,5,9,0,15,9,10,2,8,2,5,2,2,3,12136,1754554489.6106153
22,4,19,9,6,7,2,6,5,2,1,1,17,2,3,32,25,18,12135,1754554489.9450047
6,12,3,12,2,3,11,0,17,11,10,5,14,1,1,0,4,9,12136,1754554489.9460022
10,2,20,8,18,10,6,9,2,10,6,1,3,13,15,6,17,18,12135,1754554490.2780867
15,10,1,4,3,4,1,3,16,10,26,3,1,20,2,17,6,15,12136,1754554490.2801116
23,1,14,25,8,17,4,11,10,6,5,25,7,15,1,1,0,11,12135,1754554490.6113052
12,4,18,3,13,5,8,4,11,13,9,3,7,9,2,11,7,1,12136,1754554490.613287
26,14,6,19,10,2,3,10,3,4,11,6,1,7,1,4,1,26,12135,1754554490.943237
10,1,9,1,14,6,4,2,7,19,1,6,5,5,4,6,4,7,12136,1754554490.9443498
24,13,13,0,12,4,2,19,5,5,16,6,1,3,4,2,13,31,12135,1754554491.278711
4,2,16,0,4,5,0,2,12,11,7,0,5,1,4,3,4,4,12136,1754554491.2806523
6,1,14,5,11,2,3,15,1,2,5,20,7,10,2,37,24,4,12135,1754554491.6134143
8,6,10,0,8,2,2,0,1,14,2,2,2,3,8,13,2,8,12136,1754554491.6154282
6,10,0,2,3,17,1,10,3,3,6,21,6,18,12,7,9,5,12135,1754554491.94818
26,4,1,2,1,2,2,1,0,8,5,4,15,4,16,1,3,2,12136,1754554491.9494717
7,7,11,4,3,15,1,2,3,10,6,3,1,11,9,10,4,19,12135,1754554492.2825565
35,5,6,9,0,3,1,13,0,6,3,11,4,3,25,11,3,4,12136,1754554492.285442
26,2,6,9,6,3,6,7,5,7,5,13,2,4,6,35,22,13,12135,1754554492.615949
14,6,2,1,1,4,6,14,7,7,1,18,6,4,3,3,3,7,12136,1754554492.6169462
27,3,12,9,3,7,2,3,2,0,3,8,23,5,5,10,25,10,12135,1754554492.9499512
26,3,24,4,6,3,2,1,34,6,6,4,7,9,10,8,2,4,12136,1754554492.9519477
9,11,16,9,4,5,4,5,4,4,7,11,11,4,2,37,9,11,12135,1754554493.2911801
34,7,22,5,3,0,1,3,29,4,3,13,16,11,1,15,3,10,12136,1754554493.2922382
19,3,13,10,2,2,2,5,1,12,7,3,20,3,1,41,4,29,12135,1754554493.6372015
10,13,23,1,2,18,2,1,8,4,11,12,10,9,7,19,1,12,12136,1754554493.6381044
6,8,11,26,3,1,1,3,2,24,1,4,14,4,3,0,7,31,12135,1754554493.9712071
7,23,11,1,0,15,2,3,6,1,6,1,4,12,1,14,6,4,12136,1754554493.9732065
28,39,2,27,5,0,3,0,5,3,6,20,14,6,2,39,12,15,12135,1754554494.306201
3,15,13,2,0,3,17,3,2,1,2,21,4,16,7,5,11,1,12136,1754554494.3089366
31,36,3,9,7,16,1,11,7,2,9,0,1,10,13,7,14,13,12135,1754554494.6418748
0,3,25,9,9,3,6,3,2,13,17,19,6,5,14,4,2,1,12136,1754554494.6438718
2,5,1,5,5,16,0,8,1,3,2,11,15,14,6,33,1,4,12135,1754554494.9786546
2,3,5,15,9,2,20,8,2,10,9,19,9,2,16,2,3,6,12136,1754554494.980653
3,1,1,2,9,6,1,0,5,3,2,20,11,0,1,44,2,4,12135,1754554495.3101768
1,7,36,5,2,1,1,11,2,8,8,4,12,17,6,3,6,3,12136,1754554495.312302
4,7,6,6,1,6,1,1,1,10,3,6,1,1,17,5,14,19,12135,1754554495.64347
28,13,17,4,2,2,0,17,9,12,19,4,16,17,0,10,6,2,12136,1754554495.6454566
10,8,13,11,1,0,0,2,6,9,1,16,1,7,24,1,5,9,12135,1754554495.979174
16,7,5,5,1,1,1,2,10,1,15,1,17,6,5,0,12,1,12136,1754554495.9811728
10,5,4,8,6,2,4,9,0,7,3,3,2,20,4,4,15,16,12135,1754554496.3128524
13,5,30,4,14,4,1,0,8,5,7,12,7,13,1,3,10,2,12136,1754554496.3147492
15,7,9,5,1,4,6,1,2,2,1,12,7,8,2,2,16,3,12135,1754554496.646595
22,1,22,0,12,4,5,0,9,2,10,12,4,7,1,3,1,7,12136,1754554496.6485913
8,9,7,15,11,3,2,11,10,7,0,22,4,10,5,1,30,27,12135,1754554496.9817827
23,20,4,8,4,3,0,13,15,1,4,2,4,5,4,3,7,3,12136,1754554496.983323
9,15,1,6,14,2,9,8,27,17,7,28,3,1,1,11,18,6,12135,1754554497.3191898
15,15,4,6,4,1,8,13,14,8,8,4,11,1,2,17,1,0,12136,1754554497.321388
0,20,5,0,25,15,6,6,18,19,2,14,3,15,5,17,7,0,12135,1754554497.648433
13,6,12,4,7,2,11,1,24,4,4,16,12,2,7,15,5,33,12136,1754554497.6495278
1,7,0,2,8,15,0,4,3,0,4,13,16,1,1,41,3,6,12135,1754554497.9830575
3,11,8,12,6,2,6,1,24,9,6,9,5,6,22,4,5,32,12136,1754554497.98505
2,1,1,11,5,3,11,3,0,16,2,17,18,1,0,27,3,9,12135,1754554498.3178816
3,5,10,5,10,3,2,7,7,0,5,4,10,4,34,9,18,4,12136,1754554498.3208723
5,12,2,9,12,2,8,8,3,7,1,30,2,9,5,12,5,2,12135,1754554498.6518464
2,1,5,2,1,2,0,11,5,8,3,12,9,5,13,13,13,3,12136,1754554498.6538475
8,8,7,5,24,14,0,7,5,10,21,12,18,7,22,32,5,6,12135,1754554498.985534
1,3,1,4,3,7,14,1,13,7,9,1,3,3,7,1,1,1,12136,1754554498.9884706
2,34,0,8,27,13,5,3,2,15,15,12,15,3,19,19,7,14,12135,1754554499.3198144
2,3,2,10,2,7,17,3,7,3,11,10,5,7,11,1,5,1,12136,1754554499.321913
4,37,1,1,19,4,13,8,4,3,1,16,11,11,28,13,1,9,12135,1754554499.652907
1,1,4,4,3,2,5,3,2,16,2,9,3,6,10,2,1,3,12136,1754554499.6549075
5,9,0,11,26,40,9,7,8,18,10,12,9,22,28,19,11,0,12135,1754554499.9895911
7,3,16,0,6,10,26,1,8,9,0,6,2,1,15,1,10,5,12136,1754554499.99141
7,6,4,11,4,48,5,6,3,8,1,5,2,20,11,25,1,11,12135,1754554500.3224282
4,9,0,1,4,7,25,2,12,3,0,8,1,5,0,1,13,14,12136,1754554500.3244278
2,23,5,7,26,10,6,9,4,16,22,25,21,6,6,42,9,11,12135,1754554500.6583517
0,2,10,10,3,5,5,3,6,5,26,5,7,1,1,0,5,14,12136,1754554500.660295
13,33,6,2,5,6,6,1,1,1,4,10,4,7,3,36,9,4,12135,1754554500.9920785
1,8,32,9,1,1,6,4,16,7,28,7,4,6,8,1,2,1,12136,1754554500.9940882
14,1,2,2,15,12,9,3,0,5,3,23,6,2,3,9,12,2,12135,1754554501.3290358
8,11,1,4,0,9,0,1,4,3,21,3,1,15,5,1,1,3,12136,1754554501.32954
5,5,3,4,9,13,8,3,8,4,8,1,8,11,3,9,1,8,12135,1754554501.6591713
8,2,1,6,3,3,2,1,8,6,21,2,2,14,2,2,15,3,12136,1754554501.6611862
4,10,11,3,1,2,3,0,7,8,2,0,10,6,2,19,7,11,12135,1754554501.9957285
10,8,23,4,0,5,3,1,17,8,7,6,6,7,8,0,11,0,12136,1754554501.9988549
3,3,9,5,6,4,1,8,1,11,0,1,5,4,1,4,2,8,12135,1754554502.3291273
0,7,24,7,2,15,3,3,2,0,1,3,4,11,9,1,13,9,12136,1754554502.330127
10,1,9,16,8,0,4,10,5,4,19,1,1,3,4,27,3,10,12135,1754554502.662876
4,20,1,11,15,13,0,4,6,14,4,4,9,9,8,5,15,3,12136,1754554502.66398
3,6,7,13,9,3,3,1,1,1,19,10,2,2,6,24,3,24,12135,1754554502.9957135
4,28,2,13,14,1,2,2,19,17,2,4,10,3,11,5,9,6,12136,1754554502.9967134
11,2,10,1,8,1,0,5,9,2,4,1,5,4,4,7,9,7,12135,1754554503.3302667
5,6,2,1,1,2,2,0,1,1,4,2,17,0,4,7,10,12,12136,1754554503.3312669
2,9,18,3,1,1,1,8,3,6,18,9,0,5,3,40,11,7,12135,1754554503.6836205
2,4,3,2,0,0,5,4,2,3,10,5,11,10,5,7,2,2,12136,1754554503.6855206
10,15,21,28,3,11,1,11,2,2,18,18,3,2,9,34,7,7,12135,1754554504.018066
1,3,2,1,8,3,5,3,0,1,10,11,9,12,5,7,16,3,12136,1754554504.0190785
0,4,14,30,5,10,0,15,3,2,6,26,0,3,3,4,12,7,12135,1754554504.3516836
4,1,5,6,2,8,8,1,2,4,3,9,0,6,2,2,11,2,12136,1754554504.3526826
14,6,8,4,2,2,10,2,2,6,11,29,7,4,8,34,6,21,12135,1754554504.686985
1,1,2,5,0,1,13,1,2,3,3,6,4,4,6,1,2,3,12136,1754554504.689969
1,9,11,4,4,1,1,5,4,9,8,18,4,11,2,12,16,1,12135,1754554505.0214334
2,7,6,14,7,7,20,3,7,1,5,9,9,6,2,6,3,0,12136,1754554505.023436
9,13,7,24,4,3,7,7,4,6,6,9,11,2,3,5,7,4,12135,1754554505.3581102
2,4,12,11,4,2,9,13,5,1,4,3,9,12,4,1,3,0,12136,1754554505.3591108
0,1,2,20,6,6,5,10,8,4,2,14,12,2,13,2,9,3,12135,1754554505.6893578
4,15,12,0,10,0,6,16,1,1,7,11,12,20,0,3,3,1,12136,1754554505.6914825
3,1,5,11,7,11,14,0,12,8,0,2,8,5,19,9,12,12,12135,1754554506.025033
8,14,2,3,8,2,3,5,0,1,8,7,11,1,1,8,5,3,12136,1754554506.0280979
4,21,3,6,1,3,12,4,5,8,3,19,19,19,25,5,9,1,12135,1754554506.35692
5,0,4,30,10,5,2,7,2,1,11,8,1,2,6,5,2,2,12136,1754554506.3589218
7,14,13,19,5,10,1,7,6,4,2,2,12,17,23,6,11,12,12135,1754554506.6915302
4,1,17,33,7,24,1,4,15,0,2,5,4,0,8,4,2,7,12136,1754554506.6934366
6,7,1,14,4,9,12,9,7,6,10,22,7,4,3,25,3,12,12135,1754554507.0282676
0,0,12,1,8,22,22,8,2,24,13,6,2,8,11,0,6,5,12136,1754554507.0302687
6,0,14,16,5,5,9,6,4,12,15,13,1,3,16,10,1,3,12135,1754554507.3605824
2,8,14,2,10,0,21,6,21,16,2,10,0,2,19,3,8,12,12136,1754554507.3625813
18,1,5,17,1,6,3,4,0,2,8,4,2,2,9,1,17,16,12135,1754554507.6951976
9,4,1,4,2,3,3,1,33,10,0,5,3,8,1,4,9,22,12136,1754554507.6973038
17,3,8,8,6,0,0,3,3,20,5,6,6,5,9,27,6,8,12135,1754554508.0297258
9,9,11,15,3,3,4,3,10,11,2,1,1,4,5,6,1,17,12136,1754554508.031818
28,1,0,0,1,2,4,1,2,17,14,25,6,2,2,2,3,23,12135,1754554508.3627546
2,4,27,15,1,5,3,1,10,5,8,31,4,1,6,8,8,3,12136,1754554508.3657854
10,3,6,10,4,1,3,2,2,4,6,16,7,5,0,4,3,11,12135,1754554508.696221
4,5,3,2,1,8,7,1,5,8,5,36,10,11,4,2,3,3,12136,1754554508.698219
7,0,8,21,4,3,7,5,2,12,6,5,5,1,2,11,4,3,12135,1754554509.031033
5,7,19,4,10,15,1,12,8,8,3,3,14,10,5,8,5,2,12136,1754554509.0330296
26,5,2,22,2,4,13,5,2,9,11,4,9,10,13,16,4,16,12135,1754554509.3693106
10,4,12,3,5,6,7,3,6,8,5,1,3,10,3,0,2,2,12136,1754554509.3704126
18,6,5,17,2,11,2,2,6,13,1,15,12,2,6,26,5,16,12135,1754554509.6985707
16,7,2,3,2,3,3,14,8,8,1,11,3,16,11,4,5,6,12136,1754554509.700466
4,6,0,4,0,15,0,2,8,19,2,16,6,3,7,23,13,8,12135,1754554510.0342672
8,4,14,4,4,1,13,4,11,8,6,9,3,7,8,11,7,6,12136,1754554510.036164
3,5,4,6,5,7,3,0,5,13,2,2,11,8,16,25,2,2,12135,1754554510.368739
4,14,3,3,3,2,18,17,5,1,5,8,6,8,11,7,2,8,12136,1754554510.3711963
8,30,3,1,1,10,2,9,1,14,7,7,8,5,2,19,9,21,12135,1754554510.7021418
3,9,18,4,1,0,11,13,0,3,9,6,4,5,16,9,6,1,12136,1754554510.703135
13,35,2,4,8,6,4,5,4,7,6,15,1,8,1,6,7,18,12135,1754554511.0364716
7,2,10,10,2,3,0,2,4,8,0,3,1,9,3,5,3,4,12136,1754554511.0374722
18,1,1,10,1,1,3,6,0,5,2,8,1,1,7,4,3,10,12135,1754554511.3704612
4,6,37,7,2,4,1,5,2,3,3,16,1,12,8,2,6,1,12136,1754554511.3714757
10,4,2,5,4,8,1,5,3,13,2,2,4,3,1,2,6,20,12135,1754554511.7058423
4,2,14,6,1,4,3,0,4,1,9,2,1,4,3,6,7,4,12136,1754554511.7078714
13,9,8,7,5,3,4,2,2,17,2,4,21,12,1,4,7,1,12135,1754554512.03776
14,0,1,12,2,5,1,1,8,6,1,18,15,2,17,1,7,6,12136,1754554512.0387597
2,16,5,4,0,1,1,3,6,7,5,14,24,7,2,24,19,8,12135,1754554512.3720038
2,13,10,13,1,2,1,3,11,4,3,17,2,2,5,10,4,2,12136,1754554512.3729663
2,6,7,2,30,0,1,7,3,5,5,10,2,0,1,25,19,13,12135,1754554512.707163
10,6,20,8,6,9,2,4,1,3,1,17,9,1,21,8,2,9,12136,1754554512.7090652
7,1,3,1,23,0,4,4,1,0,0,29,2,1,11,48,16,7,12135,1754554513.0441868
4,19,10,9,6,8,0,1,4,2,1,7,5,4,1,3,5,9,12136,1754554513.0462756
1,7,7,2,7,3,6,5,8,0,12,32,3,1,18,46,7,13,12135,1754554513.3825421
5,3,28,4,3,2,5,8,8,9,16,9,8,4,2,3,6,2,12136,1754554513.3879385
6,4,5,0,1,7,10,11,13,6,3,21,1,0,2,16,10,20,12135,1754554513.7253551
7,7,1,1,5,21,9,11,17,8,11,10,4,7,1,3,3,1,12136,1754554513.7263532
9,6,6,3,26,8,2,15,8,3,1,7,4,7,9,24,11,21,12135,1754554514.0628595
11,28,12,2,4,18,3,15,10,24,15,18,1,3,3,5,0,14,12136,1754554514.0649798
2,26,7,13,28,4,0,2,3,4,0,3,22,4,3,26,1,1,12135,1754554514.3967297
3,23,6,1,2,4,2,9,7,18,18,4,0,6,2,1,4,18,12136,1754554514.3986268
5,10,2,9,4,10,4,10,16,3,3,7,28,5,6,7,4,15,12135,1754554514.732688
8,6,15,5,5,7,2,2,7,9,3,8,4,2,7,1,2,7,12136,1754554514.7336867
11,23,0,1,4,15,2,5,14,2,2,6,1,6,4,29,6,5,12135,1754554515.0657628
3,1,26,5,5,0,4,3,7,6,3,5,9,10,15,0,2,6,12136,1754554515.0677576
15,15,3,2,1,3,10,1,5,9,6,13,27,10,0,38,0,6,12135,1754554515.4009604
3,9,24,9,4,0,0,7,29,4,4,2,9,17,5,11,0,3,12136,1754554515.4029593
4,21,3,14,1,0,10,2,2,10,9,2,23,3,3,10,4,6,12135,1754554515.735424
5,14,29,1,6,1,2,1,31,9,1,9,3,5,1,10,9,11,12136,1754554515.737422
5,3,1,18,22,6,3,5,4,13,15,25,17,1,14,7,2,8,12135,1754554516.0687356
6,19,12,15,3,6,1,5,0,1,2,22,0,8,3,17,9,4,12136,1754554516.0707617
5,26,4,2,6,15,0,5,9,8,10,14,12,1,13,19,0,3,12135,1754554516.4014626
1,14,6,8,1,5,1,10,35,10,3,11,6,6,0,2,4,20,12136,1754554516.4034603
1,21,4,3,23,8,7,9,10,5,13,8,20,5,6,15,16,6,12135,1754554516.7358828
4,9,9,3,11,7,3,12,14,0,4,8,27,9,4,9,21,19,12136,1754554516.7378762
3,13,1,2,14,2,5,4,1,4,4,25,1,0,15,33,16,5,12135,1754554517.0711992
0,3,16,2,4,10,0,1,4,9,4,14,22,9,4,2,13,2,12136,1754554517.0732002
4,17,1,4,8,1,3,2,19,18,10,23,1,17,11,1,19,22,12135,1754554517.4083858
9,20,1,7,0,2,2,2,14,6,4,4,2,0,2,8,0,4,12136,1754554517.4102864
0,4,3,1,8,5,9,5,23,19,8,1,27,10,5,2,2,45,12135,1754554517.7404692
7,3,2,5,4,2,5,2,10,7,18,0,4,4,14,8,27,2,12136,1754554517.7415657
4,3,4,2,14,23,4,1,8,1,11,8,7,3,1,1,17,22,12135,1754554518.0734496
1,20,24,4,17,7,3,1,18,4,14,10,2,7,15,9,32,5,12136,1754554518.0756602
0,14,1,5,6,8,1,1,8,2,0,25,5,15,5,17,12,3,12135,1754554518.4075854
5,16,28,8,23,4,1,8,6,10,17,3,14,8,2,4,13,2,12136,1754554518.4105806
8,3,2,2,24,1,1,10,7,2,16,3,5,14,0,5,5,6,12135,1754554518.7414632
1,9,4,0,11,4,4,7,5,2,22,9,7,0,0,7,9,11,12136,1754554518.7443538
1,5,1,5,2,16,1,9,11,3,22,13,3,2,3,6,16,2,12135,1754554519.0738564
1,12,3,5,11,1,4,0,11,4,38,2,21,5,4,4,11,16,12136,1754554519.0758574
2,15,6,2,2,4,3,5,5,1,13,5,8,1,2,10,9,21,12135,1754554519.408865
3,10,13,27,3,2,2,2,12,1,34,3,10,0,0,7,9,2,12136,1754554519.4118633
14,3,2,10,2,3,3,1,2,1,7,10,5,6,6,4,23,13,12135,1754554519.7418485
7,11,20,27,1,1,2,1,15,12,2,5,8,2,6,11,19,2,12136,1754554519.743847
3,1,4,13,0,2,0,3,0,6,4,3,6,4,6,6,6,10,12135,1754554520.0784428
7,10,14,5,1,24,2,3,5,7,2,17,0,5,11,9,1,5,12136,1754554520.0806923
1,1,2,1,1,2,4,1,3,8,27,2,1,1,7,10,17,1,12135,1754554520.4120412
5,20,3,1,4,21,2,1,8,5,25,1,2,4,9,2,3,2,12136,1754554520.414146
12,2,3,16,1,7,1,3,18,10,28,3,14,1,5,16,6,3,12135,1754554520.7457626
8,15,13,3,5,1,4,6,24,16,30,3,8,0,1,5,12,2,12136,1754554520.7477603
5,7,9,17,1,6,12,17,16,5,5,5,5,7,18,29,8,1,12135,1754554521.0806518
3,13,0,2,2,2,5,1,4,7,11,0,4,7,6,3,11,2,12136,1754554521.082649
2,10,12,14,1,1,2,6,10,1,4,5,3,3,16,42,5,18,12135,1754554521.4150064
4,26,10,2,12,2,16,6,18,5,5,9,5,10,3,2,1,0,12136,1754554521.4170053
15,3,11,15,25,1,8,12,11,16,3,9,1,5,3,20,15,18,12135,1754554521.7510598
2,26,10,3,7,8,14,2,18,8,5,14,2,23,9,0,0,9,12136,1754554521.7530596
2,13,1,0,22,1,1,0,4,6,1,5,6,14,7,2,23,15,12135,1754554522.082579
22,3,0,6,1,11,2,5,1,7,13,6,0,22,1,2,1,13,12136,1754554522.0845747
1,6,5,6,1,3,3,3,5,7,7,1,1,9,7,23,13,5,12135,1754554522.416796
23,25,0,4,4,21,2,21,2,9,5,2,4,26,3,6,5,1,12136,1754554522.4187937
18,4,5,2,2,2,10,11,1,3,16,2,1,12,7,1,9,10,12135,1754554522.7505915
4,9,0,9,0,21,1,19,1,5,9,0,1,27,5,0,4,6,12136,1754554522.7531078
14,0,3,29,6,1,10,15,1,11,14,3,0,1,7,6,0,17,12135,1754554523.08429
5,17,7,5,10,2,7,1,5,1,2,3,10,2,3,3,3,1,12136,1754554523.0849016
10,12,12,26,6,6,9,3,2,8,6,4,4,1,9,5,7,15,12135,1754554523.419446
4,1,11,1,11,10,2,5,4,5,1,1,10,3,7,0,15,9,12136,1754554523.4214463
36,8,1,2,9,4,10,2,10,10,0,2,5,1,1,13,12,5,12135,1754554523.7715805
5,8,6,18,0,1,4,5,17,6,2,7,1,2,11,2,19,6,12136,1754554523.7726665
10,13,2,32,1,3,1,4,2,12,5,4,0,7,4,0,12,13,12135,1754554524.106343
3,0,5,8,1,12,2,10,11,0,1,2,1,5,1,1,2,3,12136,1754554524.1094692
1,12,9,34,2,6,6,9,12,13,5,2,5,17,8,5,11,14,12135,1754554524.439355
1,4,4,13,8,32,0,9,8,2,3,1,4,2,11,8,2,2,12136,1754554524.443001
0,10,7,8,1,9,8,2,0,9,7,9,2,15,5,12,9,11,12135,1754554524.7748678
0,5,2,5,9,33,4,8,2,19,3,4,3,2,8,9,10,1,12136,1754554524.7769687
12,4,4,7,2,6,11,8,12,4,4,4,11,2,2,20,5,30,12135,1754554525.1066756
3,8,3,4,4,0,4,3,15,1,4,4,3,3,12,23,2,15,12136,1754554525.1076767
3,1,1,3,2,3,1,10,12,2,2,3,39,5,2,3,5,18,12135,1754554525.4438233
0,18,40,11,0,2,2,1,5,17,1,5,1,12,7,21,14,15,12136,1754554525.446824
16,1,12,3,1,1,3,1,3,1,1,5,35,8,7,17,5,1,12135,1754554525.777137
5,17,36,11,1,2,8,0,12,4,5,1,9,16,3,1,17,1,12136,1754554525.777137
41,10,20,8,0,5,7,1,2,2,3,12,5,4,7,1,29,9,12135,1754554526.1117804
5,3,6,2,5,3,1,5,12,9,10,1,1,4,2,2,22,6,12136,1754554526.113909
43,6,1,3,7,5,9,1,4,3,8,1,16,0,16,7,20,6,12135,1754554526.4457555
2,1,9,2,2,1,15,1,2,6,1,8,6,1,14,11,4,3,12136,1754554526.4482036
15,5,10,6,10,2,2,2,5,9,1,1,2,5,5,44,4,7,12135,1754554526.7784367
17,0,3,2,0,3,8,5,16,6,11,9,3,2,12,3,1,7,12136,1754554526.7804344
10,4,5,4,6,5,3,2,6,7,8,4,11,1,9,25,7,23,12135,1754554527.1135862
10,9,23,2,1,4,7,3,21,10,2,3,6,1,16,2,6,4,12136,1754554527.1191516
16,28,1,10,7,3,2,2,12,0,0,0,2,6,11,2,23,19,12135,1754554527.4474483
28,12,18,1,4,1,4,11,9,17,1,9,0,6,12,3,5,2,12136,1754554527.4495497
4,15,15,0,2,2,2,0,7,8,4,14,0,12,4,23,33,28,12135,1754554527.7831233
6,8,11,3,5,0,1,2,11,32,8,3,1,10,4,6,2,3,12136,1754554527.7851205
16,6,7,15,6,1,1,1,6,10,4,20,10,13,2,46,29,15,12135,1754554528.1141064
8,7,17,4,9,2,2,2,24,0,9,2,2,0,5,0,0,5,12136,1754554528.115106
17,10,6,24,2,2,1,0,2,3,3,13,13,2,0,11,4,7,12135,1754554528.4501123
17,4,21,8,9,5,1,3,24,15,2,14,1,8,9,23,4,3,12136,1754554528.4521098
3,5,9,0,4,2,2,3,6,3,0,1,1,1,12,18,30,17,12135,1754554528.782751
21,5,3,6,0,1,1,0,25,11,6,18,12,3,2,0,1,4,12136,1754554528.7847452
8,3,1,3,4,6,3,2,2,0,9,14,12,4,11,3,9,8,12135,1754554529.1154177
33,2,5,4,2,4,1,2,1,6,1,19,5,5,3,8,4,5,12136,1754554529.116417
6,3,7,2,6,0,1,7,1,8,12,18,6,7,3,8,31,6,12135,1754554529.4491658
7,1,16,4,2,2,0,4,29,5,3,6,16,6,11,13,3,13,12136,1754554529.4504273
5,11,9,3,10,2,2,8,6,10,25,3,1,9,9,19,31,10,12135,1754554529.789108
9,6,14,3,1,4,2,0,37,3,6,4,7,3,13,4,6,16,12136,1754554529.7901084
13,7,1,3,10,3,2,3,2,2,27,10,0,1,8,13,3,5,12135,1754554530.119533
1,2,1,5,1,2,2,2,21,8,5,16,16,7,1,5,8,1,12136,1754554530.1214876
6,1,4,14,8,14,10,1,4,0,10,6,1,10,1,24,6,6,12135,1754554530.4549634
0,0,14,9,1,4,4,0,16,7,2,2,1,10,3,0,14,7,12136,1754554530.4581153
19,5,7,2,2,15,6,3,0,9,2,13,4,1,4,35,12,4,12135,1754554530.7881842
4,4,20,2,2,1,5,1,6,6,2,0,5,5,12,7,5,0,12136,1754554530.7901862
21,9,3,1,9,0,4,10,1,6,7,10,14,5,2,6,7,7,12135,1754554531.1212912
6,5,3,9,1,0,2,4,0,10,4,4,2,1,20,2,0,2,12136,1754554531.1234052
26,1,4,18,2,1,0,9,5,3,0,8,11,18,4,14,4,17,12135,1754554531.4561346
8,5,4,11,0,5,2,5,5,6,0,1,3,5,6,3,5,6,12136,1754554531.4581335
24,11,3,10,1,2,5,8,11,9,3,17,3,17,4,26,3,4,12135,1754554531.7912831
8,0,34,2,1,0,3,5,8,5,3,1,8,8,10,5,1,8,12136,1754554531.79327
19,6,31,20,5,7,0,4,9,4,4,0,4,19,4,16,9,27,12135,1754554532.124599
4,27,17,3,2,8,3,5,7,2,13,8,16,5,5,5,2,0,12136,1754554532.1265976
3,7,18,27,8,8,5,2,2,2,0,13,3,8,2,19,12,11,12135,1754554532.4584005
3,25,12,3,2,7,9,2,1,2,2,15,17,3,7,9,10,3,12136,1754554532.4606059
10,7,19,24,12,9,8,5,4,1,2,4,3,4,19,25,11,0,12135,1754554532.7929132
3,4,7,11,1,8,5,0,5,5,6,25,4,7,6,3,10,0,12136,1754554532.7959583
4,1,17,3,14,15,2,5,2,5,12,7,2,4,9,27,7,2,12135,1754554533.1271775
21,2,2,14,0,1,2,3,9,11,3,20,2,0,1,3,1,3,12136,1754554533.1291752
10,19,8,10,29,23,6,6,9,34,28,2,9,5,12,17,4,19,12134,1754554533.4671416
11,3,9,0,6,2,1,6,4,8,3,6,1,12,5,32,2,9,12135,1754554533.4681444
12,3,6,2,16,8,1,3,16,6,4,3,6,7,15,6,2,11,12136,1754554533.4701476
5,1,9,12,9,6,10,3,3,20,3,16,11,39,7,4,1,1,12134,1754554533.8161364
2,6,1,27,7,1,1,6,3,17,16,11,6,5,20,0,22,11,12135,1754554533.8182404
6,2,10,3,15,2,0,3,2,3,3,29,13,10,19,7,7,9,12136,1754554533.8192334
0,6,1,19,16,2,15,3,2,11,4,8,10,21,6,35,23,25,12134,1754554534.1502082
14,7,7,21,5,1,4,4,0,14,19,13,10,11,12,29,4,14,12135,1754554534.153205
0,3,6,5,1,2,6,0,5,9,3,26,18,2,13,4,11,1,12136,1754554534.1542037
5,9,4,0,4,13,1,4,3,13,7,4,3,17,3,6,1,21,12134,1754554534.4838874
34,0,9,11,8,1,2,13,1,0,17,9,7,1,7,23,31,4,12135,1754554534.48588
7,0,11,5,2,3,6,1,7,13,7,15,0,1,12,6,6,0,12136,1754554534.4873993
8,7,7,21,5,36,4,2,2,13,5,9,14,23,7,38,4,4,12134,1754554534.818646
10,2,14,12,9,13,8,8,6,2,13,4,5,7,12,14,16,13,12135,1754554534.8205948
6,3,5,1,5,1,11,2,9,0,9,11,0,9,9,2,7,1,12136,1754554534.8226452
16,12,13,6,5,26,2,2,6,7,1,15,46,3,8,12,15,4,12134,1754554535.1515584
18,13,23,34,1,11,6,1,11,14,12,14,10,2,10,4,2,24,12135,1754554535.1525588
0,10,3,16,6,6,7,2,2,25,0,6,1,1,4,6,2,7,12136,1754554535.1535556
11,5,5,16,17,5,2,1,2,10,2,28,39,16,5,8,10,10,12134,1754554535.486019
22,9,2,2,10,18,12,1,12,22,2,22,0,2,7,3,8,27,12135,1754554535.4880164
0,13,26,18,2,4,5,2,24,29,5,2,1,5,13,5,10,2,12136,1754554535.489915
4,2,4,30,13,17,10,1,3,7,19,5,9,11,5,3,19,7,12134,1754554535.8192115
42,8,5,13,9,19,4,21,1,20,1,7,1,3,7,12,3,22,12135,1754554535.8202844
3,0,1,0,10,19,2,10,13,8,3,1,3,5,4,15,31,18,12136,1754554535.8202844
7,0,2,5,1,41,2,1,4,4,17,8,8,0,33,10,10,32,12134,1754554536.15346
0,12,19,11,4,2,2,9,3,7,1,9,13,8,3,20,3,14,12135,1754554536.1544666
3,2,7,5,7,17,3,5,8,1,3,1,3,1,0,1,21,26,12136,1754554536.1554658
0,7,3,3,2,4,1,4,4,2,9,2,37,10,22,1,21,32,12134,1754554536.4868357
0,11,4,1,3,1,0,10,2,4,3,4,7,3,2,13,6,5,12135,1754554536.4878402
7,29,13,2,0,3,1,3,3,3,4,4,6,1,9,1,3,20,12136,1754554536.4888408
9,7,6,5,16,10,1,5,6,5,16,6,39,11,2,10,18,2,12134,1754554536.8216445
38,9,19,2,2,8,5,1,1,6,17,19,0,9,12,7,6,2,12135,1754554536.8226507
2,22,1,2,0,5,3,1,2,14,12,0,5,5,2,12,8,18,12136,1754554536.823645
11,2,0,2,16,0,0,3,1,16,11,1,0,7,5,4,7,32,12134,1754554537.1551492
48,3,32,8,5,6,5,3,2,2,13,10,8,11,9,33,9,7,12135,1754554537.1561563
1,0,6,8,4,1,4,0,2,17,12,2,8,13,7,1,0,2,12136,1754554537.1571574
8,7,15,15,10,7,10,2,9,5,22,6,12,18,14,0,8,33,12134,1754554537.491683
38,1,10,7,7,7,4,16,5,7,12,20,17,4,5,1,0,21,12135,1754554537.4936702
2,9,29,10,6,7,4,1,6,12,46,8,1,7,13,2,1,12,12136,1754554537.4946682
3,3,20,10,7,13,10,2,5,6,12,11,19,7,8,5,21,5,12134,1754554537.825439
37,4,8,2,5,2,4,8,2,3,5,18,15,11,11,51,2,17,12135,1754554537.8273447
20,12,28,2,9,0,1,4,8,2,34,13,1,1,5,11,26,9,12136,1754554537.8293352
3,1,4,2,1,8,3,7,6,4,6,1,18,23,0,7,31,10,12134,1754554538.161602
6,3,12,7,2,0,4,9,5,1,6,3,13,4,9,3,10,18,12135,1754554538.1626408
16,1,4,9,5,3,3,2,13,2,9,5,13,12,3,2,20,4,12136,1754554538.1646366
1,1,13,6,2,41,6,4,13,3,0,2,10,30,9,11,0,6,12134,1754554538.4965937
37,5,16,17,2,19,3,15,6,6,15,7,12,3,2,19,9,3,12135,1754554538.4995928
4,10,1,12,9,3,3,2,6,2,4,2,10,9,6,1,7,21,12136,1754554538.5015912
19,13,2,6,10,20,9,1,20,4,4,7,10,4,22,1,28,5,12134,1754554538.8296773
43,8,7,4,0,16,0,15,25,5,3,4,5,15,6,20,47,5,12135,1754554538.8318894
4,3,0,3,12,3,4,5,7,1,3,3,11,3,7,6,12,13,12136,1754554538.8328943
30,13,18,7,26,18,1,18,8,3,10,12,17,4,1,14,12,28,12134,1754554539.1635845
30,2,2,7,3,1,3,1,23,0,8,9,7,1,3,21,29,4,12135,1754554539.165579
1,11,10,7,2,7,5,1,10,6,25,2,7,10,7,10,16,6,12136,1754554539.1675782
20,7,4,33,18,22,1,6,4,7,6,13,10,13,30,6,14,16,12134,1754554539.4980943
24,17,6,1,1,2,8,10,4,15,10,8,13,13,15,12,17,1,12135,1754554539.4990923
9,0,0,4,0,6,3,2,4,5,22,10,1,3,4,1,4,6,12136,1754554539.50109
3,2,5,18,12,15,6,8,7,7,23,4,3,24,27,4,2,2,12134,1754554539.8330371
37,19,9,4,2,4,7,8,1,14,1,28,11,2,15,38,12,3,12135,1754554539.8349621
7,6,9,6,14,2,6,3,11,1,4,13,3,1,4,10,3,5,12136,1754554539.8369014
5,7,38,12,8,3,0,3,1,3,21,8,22,21,8,3,23,19,12134,1754554540.1660516
32,9,6,1,8,1,1,8,5,8,0,19,2,9,2,2,1,12,12135,1754554540.1690483
5,5,1,2,9,6,3,3,7,11,8,11,0,6,10,3,19,4,12136,1754554540.1700468
3,19,8,11,9,0,2,10,4,1,15,12,5,3,7,6,14,12,12134,1754554540.501382
6,16,7,6,4,5,9,1,6,5,7,1,1,9,1,46,3,16,12135,1754554540.504368
9,4,4,11,6,2,14,1,5,14,16,3,5,4,3,3,14,6,12136,1754554540.5063758
0,16,20,16,4,6,0,15,7,14,3,5,23,31,3,25,17,9,12134,1754554540.8341389
11,13,12,3,1,2,3,10,1,1,1,20,18,22,8,3,13,8,12135,1754554540.8350382
9,4,1,10,0,12,16,1,7,1,6,3,3,2,3,1,3,2,12136,1754554540.83603
4,19,4,14,0,12,25,1,9,12,2,6,3,35,9,9,9,5,12134,1754554541.1682212
10,7,10,7,2,3,5,2,2,2,12,11,10,7,7,30,11,20,12135,1754554541.1713161
4,2,2,29,1,16,1,3,2,18,8,3,2,5,1,6,3,5,12136,1754554541.1733258
2,10,1,8,1,4,9,5,11,1,3,4,13,38,10,3,17,46,12134,1754554541.503345
19,5,5,3,2,0,1,3,5,11,7,4,0,9,4,14,38,8,12135,1754554541.5064719
2,11,0,33,0,0,2,4,19,7,1,2,13,1,4,2,0,2,12136,1754554541.508365
3,6,2,19,4,8,23,1,6,4,19,14,18,1,11,3,7,53,12134,1754554541.8373811
10,3,2,7,1,1,1,0,8,6,1,6,2,8,1,9,8,7,12135,1754554541.8393786
0,20,2,3,6,5,3,16,23,7,1,7,13,2,1,4,10,4,12136,1754554541.8414938
10,6,24,27,2,18,4,3,5,10,26,12,26,8,14,0,15,28,12134,1754554542.1700299
0,8,21,2,4,1,4,5,15,1,13,17,12,7,2,5,10,15,12135,1754554542.171147
2,22,1,5,4,13,2,11,13,9,0,1,0,3,3,12,3,6,12136,1754554542.175473
16,1,18,2,2,23,4,3,7,4,10,1,7,19,7,3,31,29,12134,1754554542.5040355
2,7,30,10,4,4,3,8,9,4,15,5,5,3,3,3,2,12,12135,1754554542.5051486
4,12,8,11,9,3,3,11,17,8,3,4,3,9,4,7,2,6,12136,1754554542.5051486
14,1,7,0,12,14,2,18,3,1,7,7,14,1,0,10,21,12,12134,1754554542.8388047
3,13,2,9,3,10,3,6,2,5,3,12,12,2,9,30,12,6,12135,1754554542.8408237
2,8,6,10,13,2,7,14,28,6,9,2,7,11,3,5,20,1,12136,1754554542.841911
18,4,2,19,4,11,1,19,2,0,5,9,13,22,9,11,26,13,12134,1754554543.1727622
8,7,0,4,2,12,6,5,4,4,3,8,25,14,0,10,6,9,12135,1754554543.175324
3,11,2,26,9,3,1,15,5,4,8,1,4,2,6,7,6,0,12136,1754554543.1763136
14,2,9,28,5,22,1,2,1,8,2,7,8,28,3,4,14,15,12134,1754554543.5079985
1,31,0,13,14,0,4,4,9,4,7,1,31,11,8,7,5,9,12135,1754554543.509093
3,2,0,20,2,13,1,12,3,2,5,4,11,8,3,6,10,0,12136,1754554543.5112038
7,8,26,22,9,22,8,14,4,3,13,1,5,7,18,2,17,9,12134,1754554543.8571887
6,34,2,10,14,5,4,1,9,9,21,2,23,0,2,26,6,22,12135,1754554543.858187
1,9,2,1,21,20,2,3,4,8,0,1,1,5,3,2,1,16,12136,1754554543.8591866
20,12,1,15,4,4,12,6,6,4,4,14,10,31,20,8,58,6,12134,1754554544.1917212
12,10,3,1,6,3,1,1,14,9,27,13,6,19,1,36,6,13,12135,1754554544.1937199
8,1,3,6,11,22,3,5,4,0,7,3,8,4,3,0,4,13,12136,1754554544.1947196
3,5,13,10,7,15,7,4,2,1,4,6,9,26,11,25,38,13,12134,1754554544.526317
0,13,2,9,5,4,3,1,0,6,2,12,4,1,1,13,7,6,12135,1754554544.526317
6,21,6,21,14,18,5,1,0,1,0,0,6,6,0,15,8,1,12136,1754554544.527317
16,9,10,9,3,20,1,1,6,8,10,6,12,16,3,23,10,5,12134,1754554544.8602226
3,1,1,3,1,17,3,3,20,2,19,8,11,23,0,33,13,1,12135,1754554544.8622336
1,3,6,23,4,3,1,8,2,1,1,1,2,7,2,8,0,6,12136,1754554544.865252
8,3,4,0,6,17,6,12,7,0,17,2,2,30,4,14,1,35,12134,1754554545.1953802
3,2,6,9,27,16,5,6,27,6,8,6,12,2,34,22,11,10,12135,1754554545.1976945
10,3,13,27,5,27,9,6,2,3,3,2,11,6,5,9,18,4,12136,1754554545.198694
3,1,1,3,5,4,12,3,12,4,1,21,2,36,0,17,8,40,12134,1754554545.5286787
6,2,6,8,3,10,0,6,0,4,2,16,21,1,5,6,5,12,12135,1754554545.5306802
5,4,3,15,5,16,8,15,18,5,17,2,17,2,12,4,18,8,12136,1754554545.532683
2,14,0,12,4,17,9,4,18,1,26,0,4,21,2,21,6,17,12134,1754554545.86291
2,21,6,0,25,11,1,16,7,8,2,8,12,25,2,1,4,3,12135,1754554545.8649313
3,10,3,14,5,2,4,2,1,5,11,1,9,6,7,2,6,2,12136,1754554545.867913
5,4,2,13,7,10,1,18,6,1,15,2,11,23,31,13,29,17,12134,1754554546.196227
1,17,1,4,0,12,13,9,2,7,1,0,18,24,32,16,0,9,12135,1754554546.1982222
14,5,15,3,8,10,1,1,4,15,5,2,11,1,2,3,3,7,12136,1754554546.1992245
10,12,6,5,1,3,4,28,22,4,6,19,5,42,30,12,21,29,12134,1754554546.531849
3,3,5,2,1,8,8,1,2,6,11,4,0,0,1,37,11,34,12135,1754554546.533848
2,1,15,2,2,11,3,1,18,4,24,11,14,3,8,3,5,4,12136,1754554546.535847
3,10,9,13,3,2,6,29,24,4,14,22,26,22,14,1,2,13,12134,1754554546.865882
7,20,1,13,1,11,9,6,3,2,4,2,2,13,2,28,17,21,12135,1754554546.867983
4,8,2,7,3,10,3,4,7,13,20,10,9,4,5,3,1,3,12136,1754554546.869977
0,9,15,13,11,20,7,6,9,5,3,28,1,11,32,14,17,13,12134,1754554547.2002094
4,9,1,14,5,13,2,6,3,2,20,16,26,11,4,3,24,7,12135,1754554547.202209
6,2,12,4,6,0,4,2,4,4,4,5,1,5,2,6,2,6,12136,1754554547.2042112
1,16,15,20,13,0,4,11,7,13,14,8,10,28,28,37,16,6,12134,1754554547.5333169
3,21,29,11,6,2,0,9,4,1,5,2,16,3,3,14,7,11,12135,1754554547.5353768
1,2,7,1,5,2,4,6,1,4,13,0,0,1,2,3,5,8,12136,1754554547.5373783
4,23,10,29,1,10,0,9,11,12,18,1,20,1,11,16,11,12,12134,1754554547.8671188
2,0,12,5,3,1,3,5,1,6,4,5,15,2,2,21,22,5,12135,1754554547.8691206
3,7,5,1,2,3,5,3,3,5,22,12,16,7,4,4,7,1,12136,1754554547.87103
13,22,8,26,5,9,8,2,2,6,12,3,12,44,2,22,12,35,12134,1754554548.2022908
2,9,4,12,9,3,7,3,5,2,8,12,2,1,8,20,5,16,12135,1754554548.2051728
10,1,5,12,2,2,20,10,23,2,5,16,16,22,2,3,7,0,12136,1754554548.2072694
9,18,8,3,26,11,8,10,3,7,6,8,29,36,16,6,18,54,12134,1754554548.5364404
11,4,9,4,15,17,14,0,5,3,4,0,9,2,5,12,12,28,12135,1754554548.5384347
9,1,32,13,3,3,16,9,13,2,3,19,2,16,3,2,7,16,12136,1754554548.5404346
4,10,23,21,18,9,8,15,1,3,4,6,28,6,29,3,38,41,12134,1754554548.8699899
4,19,8,4,3,14,2,9,3,10,4,11,7,2,5,23,7,34,12135,1754554548.871941
0,19,17,21,5,2,1,3,19,6,3,15,4,17,4,8,2,13,12136,1754554548.8739853
9,4,6,17,17,4,3,6,1,9,8,6,36,10,18,5,12,41,12134,1754554549.2047477
17,25,10,7,2,3,8,12,4,5,2,8,8,12,22,22,6,4,12135,1754554549.2067509
17,11,7,19,4,7,13,6,28,8,10,5,3,4,6,10,5,2,12136,1754554549.2087488
12,1,19,22,11,11,13,12,16,2,7,0,1,5,1,4,3,8,12134,1754554549.5396142
4,7,14,5,5,4,3,8,3,2,4,0,6,14,7,16,2,5,12135,1754554549.5425038
2,33,36,12,0,14,11,0,1,0,5,1,0,5,7,4,0,7,12136,1754554549.5445042
6,5,14,8,6,1,4,3,5,13,6,4,5,5,33,12,3,2,12134,1754554549.8736877
23,2,4,4,7,3,6,2,1,2,6,12,17,4,17,4,13,13,12135,1754554549.8756852
3,8,22,14,2,10,4,2,12,1,2,8,13,6,7,5,0,1,12136,1754554549.8779352
4,3,16,18,7,15,9,9,9,12,13,10,9,16,12,9,27,6,12134,1754554550.2077947
5,3,9,9,6,8,9,6,3,2,2,6,15,0,4,34,0,7,12135,1754554550.2087932
26,0,23,1,1,0,19,10,13,2,13,11,12,8,6,2,1,0,12136,1754554550.209793
12,12,3,5,12,3,14,8,6,17,12,1,10,6,19,3,33,6,12134,1754554550.5449133
7,1,6,1,2,3,5,5,0,7,1,4,2,0,2,28,8,15,12135,1754554550.5469031
9,2,12,2,2,5,12,16,3,3,4,10,2,5,2,7,5,3,12136,1754554550.5479033
4,8,1,4,11,1,12,3,8,14,15,12,9,11,0,7,32,7,12134,1754554550.8773005
3,6,5,3,1,5,6,4,1,5,6,12,8,0,4,27,7,11,12135,1754554550.8802946
12,8,10,4,2,3,1,12,14,9,4,26,8,3,11,13,5,1,12136,1754554550.8822913
15,11,2,2,8,3,6,3,3,0,4,15,13,41,2,7,12,3,12134,1754554551.211434
3,2,15,28,3,1,0,12,8,1,6,11,10,11,5,21,12,5,12135,1754554551.213554
16,1,4,1,11,2,5,9,10,14,4,14,7,4,13,6,4,2,12136,1754554551.215531
0,2,8,1,5,8,7,2,1,6,8,4,4,38,2,10,0,1,12134,1754554551.5456164
16,8,10,23,2,20,4,10,3,2,3,4,3,17,5,11,8,1,12135,1754554551.5476115
3,2,34,11,9,15,1,7,1,0,16,2,7,0,10,4,8,1,12136,1754554551.5486104
9,4,9,11,4,16,15,3,6,9,2,2,2,5,11,12,4,17,12134,1754554551.8794148
17,11,12,8,3,20,5,2,15,3,5,1,13,9,5,0,3,30,12135,1754554551.881413
23,16,22,6,1,17,3,7,7,0,8,8,4,0,9,10,8,6,12136,1754554551.8834112
11,15,11,20,2,2,23,3,6,16,6,9,10,25,13,14,18,14,12134,1754554552.213969
43,0,3,5,9,2,3,16,1,4,1,14,4,2,14,7,4,30,12135,1754554552.2159677
1,10,23,1,2,3,1,5,4,4,6,14,0,3,4,13,7,8,12136,1754554552.218432
18,22,14,7,3,8,1,10,0,10,17,12,4,11,5,5,23,3,12134,1754554552.5481036
3,1,1,10,6,6,4,20,3,0,10,22,5,10,5,21,5,12,12135,1754554552.5501015
9,4,28,11,9,2,2,3,2,1,1,12,6,7,3,8,4,0,12136,1754554552.5520992
2,14,4,17,8,16,5,9,2,15,2,5,8,20,13,3,8,1,12134,1754554552.8832557
25,10,22,18,5,7,1,8,9,2,9,5,5,6,12,20,2,17,12135,1754554552.884255
3,3,23,10,7,7,11,1,9,1,9,4,10,7,6,10,2,1,12136,1754554552.885256
2,6,2,3,1,1,18,2,9,19,6,15,4,26,20,5,4,11,12134,1754554553.2185986
27,16,9,17,6,1,1,6,0,8,3,1,0,6,5,4,33,11,12135,1754554553.221132
4,6,1,5,6,7,10,2,6,12,15,0,6,5,5,17,0,2,12136,1754554553.2231312
4,11,12,3,13,1,18,15,5,10,42,9,24,26,1,13,42,19,12134,1754554553.5531766
2,7,12,19,0,0,2,1,2,11,4,3,7,3,3,17,11,2,12135,1754554553.555174
5,9,14,7,1,9,3,7,13,14,9,13,3,4,2,20,4,5,12136,1754554553.557173
9,16,26,16,2,5,7,1,6,4,37,5,32,17,19,7,17,15,12134,1754554553.9028997
7,1,13,0,3,4,1,3,11,15,1,3,9,2,0,11,30,10,12135,1754554553.9039092
1,16,17,14,1,1,0,5,14,6,5,7,5,14,12,7,9,6,12136,1754554553.9049075
8,4,0,4,15,3,13,16,4,20,7,3,3,7,8,2,28,17,12134,1754554554.2386837
2,18,18,35,4,1,1,1,22,13,2,7,1,9,5,28,20,0,12135,1754554554.241735
10,5,28,13,1,6,0,2,1,2,2,3,3,0,4,5,10,4,12136,1754554554.2427838
11,6,15,2,4,6,13,10,0,10,4,3,14,5,13,7,11,8,12134,1754554554.5724437
8,15,2,27,9,3,1,2,4,5,18,1,7,4,4,12,8,3,12135,1754554554.5744424
14,3,9,13,3,6,0,10,7,2,4,1,7,12,7,13,3,1,12136,1754554554.5764532
14,2,1,5,18,6,1,15,7,15,3,9,13,5,1,8,20,3,12134,1754554554.9069753
8,1,2,13,2,3,12,3,9,3,16,1,4,13,5,21,7,1,12135,1754554554.9089594
5,13,29,14,4,9,1,9,3,4,3,10,4,4,17,5,5,5,12136,1754554554.9109578
7,11,3,20,4,5,10,5,7,2,2,10,29,31,11,18,7,30,12134,1754554555.2418408
18,0,5,24,4,6,15,2,8,6,2,3,15,15,1,17,14,8,12135,1754554555.2451477
1,10,2,2,13,1,4,3,2,17,6,21,1,1,18,2,1,1,12136,1754554555.2470524
6,20,13,10,15,19,16,9,3,9,8,8,30,15,12,2,4,35,12134,1754554555.5753112
4,1,4,4,9,1,3,4,7,0,4,3,10,5,2,2,0,17,12135,1754554555.5783079
4,0,2,4,11,5,3,1,7,22,6,0,2,1,1,6,5,3,12136,1754554555.5793073
11,2,9,7,20,14,6,15,13,1,4,10,26,19,7,2,27,30,12134,1754554555.9093814
8,4,4,4,12,11,3,4,1,3,5,7,2,6,0,9,0,23,12135,1754554555.912365
19,6,1,2,2,0,8,3,11,9,1,5,2,12,3,0,1,4,12136,1754554555.916298
6,5,8,25,24,7,11,10,15,9,7,19,4,21,0,10,19,10,12134,1754554556.2427373
6,5,11,5,2,5,7,4,8,1,0,14,3,3,1,21,11,3,12135,1754554556.2457364
23,11,6,3,21,6,0,3,6,3,8,17,5,12,5,0,7,0,12136,1754554556.2477357
16,21,19,6,10,12,1,14,4,0,3,34,1,16,11,25,13,25,12134,1754554556.5770354
6,5,4,4,4,1,6,0,6,3,6,7,3,5,5,10,5,18,12135,1754554556.5790334
3,7,6,2,23,0,0,2,5,6,6,1,1,0,3,8,1,2,12136,1754554556.5810304
6,2,0,1,13,34,2,14,5,13,20,1,21,36,0,3,0,12,12134,1754554556.9103904
33,3,10,3,7,2,1,1,2,17,4,27,9,10,7,5,12,2,12135,1754554556.9163904
11,8,2,11,2,14,12,4,11,4,1,18,6,4,6,1,16,2,12136,1754554556.9183877
32,14,13,4,3,5,6,24,4,16,5,31,4,5,10,36,9,22,12135,1754554557.245569
1,14,2,11,2,14,11,14,1,1,24,1,6,5,1,1,7,3,12136,1754554557.2475674
4,11,14,1,2,5,1,17,10,4,6,32,3,1,7,7,8,1,12135,1754554557.580935
7,4,3,1,3,9,0,8,12,15,13,9,2,3,2,1,3,0,12136,1754554557.5828755
1,18,11,2,2,2,1,13,12,1,3,13,4,8,8,31,4,18,12135,1754554557.9157584
5,3,11,7,2,4,0,4,12,10,10,8,6,7,3,4,11,4,12136,1754554557.917757
8,1,4,8,4,1,1,9,9,1,3,11,2,5,4,9,9,5,12135,1754554558.250769
12,2,1,3,9,11,1,2,8,9,31,2,1,11,1,6,11,9,12136,1754554558.2537286
0,1,8,11,12,4,2,9,3,0,6,6,4,3,4,11,9,9,12135,1754554558.582799
17,3,8,5,5,2,5,5,10,8,29,4,7,10,0,3,2,9,12136,1754554558.5847974
2,17,3,2,11,6,7,3,6,1,9,12,13,4,10,20,2,3,12135,1754554558.9187665
7,3,2,2,6,2,3,3,5,2,4,1,9,5,1,14,4,7,12136,1754554558.9207482
6,15,3,8,14,7,5,15,5,5,3,33,7,7,8,27,4,13,12135,1754554559.2531302
10,0,8,4,2,2,1,5,10,6,9,1,10,2,1,5,1,11,12136,1754554559.2552302
2,15,5,11,11,3,9,10,1,15,2,11,11,18,2,16,3,5,12135,1754554559.5871422
7,8,2,5,1,0,4,13,16,2,6,3,6,1,4,7,2,3,12136,1754554559.5887735
5,23,3,12,3,3,8,2,2,2,4,19,28,9,1,6,3,24,12135,1754554559.9220362
2,1,3,3,2,21,6,14,12,5,3,0,3,1,5,0,2,6,12136,1754554559.924037
3,1,2,5,14,1,2,10,9,8,10,8,8,4,5,18,8,37,12135,1754554560.2585096
8,4,1,1,1,23,0,10,16,17,2,2,3,5,10,6,15,15,12136,1754554560.2605033
1,5,2,3,11,3,9,10,16,4,2,15,14,17,11,23,3,27,12135,1754554560.5908854
14,2,4,4,0,1,3,0,13,10,4,7,4,8,7,3,14,23,12136,1754554560.5918832
1,2,4,0,4,12,13,8,0,3,4,25,23,6,9,4,4,18,12135,1754554560.923083
16,15,2,12,5,3,3,1,0,2,3,16,1,3,7,2,3,2,12136,1754554560.9240801
6,24,2,7,7,25,3,17,4,5,5,17,5,8,1,17,2,10,12135,1754554561.257289
2,8,1,2,1,7,2,1,1,6,7,1,8,5,8,3,5,0,12136,1754554561.260285
8,10,1,9,17,2,10,11,2,8,8,25,15,14,12,17,4,9,12135,1754554561.5894518
6,13,3,7,4,10,2,3,2,6,1,12,11,13,7,4,27,25,12136,1754554561.5914457
8,39,1,5,28,17,13,8,1,3,20,16,28,6,3,13,5,11,12135,1754554561.9268866
6,25,6,6,1,9,12,9,15,1,2,9,2,9,4,3,16,25,12136,1754554561.9293985
5,31,7,1,7,19,2,1,6,5,4,10,11,1,2,23,20,15,12135,1754554562.2616918
3,11,6,3,5,0,9,3,14,14,6,5,0,0,7,2,6,0,12136,1754554562.2636914
13,22,3,10,1,5,1,8,4,4,5,2,9,6,9,5,26,13,12135,1754554562.595539
7,9,1,12,3,8,2,5,3,8,7,7,1,5,1,0,2,3,12136,1754554562.5975244
6,15,3,8,12,2,3,5,3,3,4,7,15,9,30,49,25,11,12135,1754554562.9288793
3,19,0,10,3,2,2,1,4,2,5,3,8,2,4,1,7,7,12136,1754554562.9308777
5,25,9,9,7,4,1,1,1,5,3,17,23,4,26,21,3,0,12135,1754554563.2609518
11,9,1,11,6,6,3,11,5,3,5,1,1,3,4,7,4,5,12136,1754554563.2619536
8,4,7,18,5,6,5,3,0,0,4,1,10,2,1,15,19,4,12135,1754554563.5973713
6,1,5,16,11,0,3,14,3,4,2,2,8,15,3,3,12,19,12136,1754554563.5993905
5,2,4,22,4,3,2,6,12,1,15,25,2,7,5,39,22,5,12135,1754554563.9480584
7,0,11,11,0,3,9,4,0,6,0,3,5,13,8,2,2,17,12136,1754554563.9499574
21,7,7,16,5,17,2,11,12,8,14,7,11,9,3,41,20,6,12135,1754554564.288858
2,7,14,22,2,3,6,6,6,1,2,0,7,20,5,4,2,1,12136,1754554564.2908545
36,5,6,14,1,11,2,7,11,2,4,2,8,6,3,20,25,10,12135,1754554564.6170602
15,17,0,9,6,7,2,7,9,5,2,3,2,24,4,4,3,5,12136,1754554564.6191597
22,3,11,2,6,2,9,4,1,2,1,5,5,15,12,9,12,2,12135,1754554564.9503505
2,11,14,18,10,21,0,10,15,7,16,1,10,16,2,1,10,0,12136,1754554564.9523923
7,3,19,12,6,3,4,7,1,4,22,2,17,0,10,26,25,4,12135,1754554565.286529
8,10,11,13,1,29,0,2,10,4,22,16,2,7,15,1,13,1,12136,1754554565.2885187
7,8,7,7,6,4,3,11,12,3,27,7,16,3,3,1,22,15,12135,1754554565.6193101
16,21,6,1,3,13,1,2,12,11,6,13,4,2,3,5,8,1,12136,1754554565.6213121
4,12,18,30,7,3,5,4,1,8,4,11,3,7,3,3,19,15,12135,1754554565.9543655
6,5,7,12,1,13,3,1,18,2,9,20,1,1,3,1,1,3,12136,1754554565.9563668
14,1,11,15,9,2,3,0,10,0,13,7,0,9,11,16,5,4,12135,1754554566.287793
16,2,4,12,1,12,2,7,1,2,25,7,1,4,5,5,4,0,12136,1754554566.2897918
21,4,16,10,10,5,1,2,7,9,16,2,7,9,37,12,4,12,12135,1754554566.6215246
2,2,36,4,3,6,0,3,3,2,22,2,6,2,12,2,8,12,12136,1754554566.6235287
11,14,11,14,2,3,2,6,2,4,8,0,11,22,27,9,15,21,12135,1754554566.9568365
4,8,29,7,8,3,4,14,1,4,0,19,4,8,18,2,9,8,12136,1754554566.9578369
18,16,8,30,1,0,9,18,3,2,5,7,7,27,8,12,26,27,12135,1754554567.291196
7,2,1,2,5,1,0,14,0,11,5,1,3,4,3,37,1,8,12136,1754554567.29362
27,8,0,5,1,6,11,14,8,0,1,11,3,1,3,34,24,17,12135,1754554567.625189
21,1,36,7,4,2,4,3,3,12,9,15,3,1,1,8,6,19,12136,1754554567.62718
7,4,5,3,10,0,1,2,4,1,30,3,6,3,1,9,8,7,12135,1754554567.9585736
20,1,15,1,1,6,16,3,0,0,13,7,5,4,2,26,10,18,12136,1754554567.9613078
13,10,1,16,11,5,0,1,3,1,8,2,12,11,7,7,4,1,12135,1754554568.293161
9,1,2,2,1,2,1,3,2,0,1,5,8,11,6,2,8,1,12136,1754554568.295057
24,4,22,5,10,3,3,6,4,2,19,5,3,8,3,21,19,12,12135,1754554568.6300435
9,0,34,18,2,4,15,1,4,1,16,14,15,11,4,5,3,18,12136,1754554568.631047
30,8,1,2,9,1,2,13,0,2,3,4,0,32,1,11,11,13,12135,1754554568.960855
4,2,3,15,0,3,2,0,0,1,18,28,15,3,7,7,25,15,12136,1754554568.9628527
4,1,7,2,7,1,2,24,0,3,3,3,2,32,6,48,9,27,12135,1754554569.2955701
11,3,33,6,3,2,3,2,5,9,1,18,6,2,9,8,20,3,12136,1754554569.2975693
10,8,2,2,2,1,2,2,2,8,4,9,0,2,11,53,11,35,12135,1754554569.6295474
3,5,16,2,1,5,1,1,1,10,1,0,3,3,12,19,8,1,12136,1754554569.6328049
9,1,6,6,0,1,3,3,2,4,5,10,9,6,4,13,23,4,12135,1754554569.9623168
0,3,20,17,3,0,5,3,1,0,2,10,1,5,4,0,9,0,12136,1754554569.9634216
23,3,11,3,6,0,1,1,1,7,2,0,2,3,12,9,9,6,12135,1754554570.2975452
37,6,12,19,14,6,1,1,1,6,10,0,1,5,13,2,4,17,12136,1754554570.299545
27,0,1,0,2,4,1,0,3,5,2,3,32,6,6,12,8,3,12135,1754554570.6323297
22,8,14,0,17,2,2,0,3,6,9,9,0,1,11,1,5,11,12136,1754554570.6343286
1,6,8,10,5,1,0,11,5,5,3,2,39,20,3,3,5,2,12135,1754554570.9648106
19,1,1,3,1,1,12,8,17,13,1,18,2,17,9,1,6,4,12136,1754554570.9658113
5,5,12,1,1,1,7,7,6,6,13,2,0,14,7,1,13,7,12135,1754554571.306787
1,22,28,5,1,2,2,14,12,22,3,20,1,7,1,3,4,7,12136,1754554571.3077884
2,3,14,0,6,12,4,4,5,7,11,5,13,1,17,7,17,13,12135,1754554571.635115
4,26,5,6,3,3,2,23,3,6,6,2,3,8,4,1,1,4,12136,1754554571.6360981
20,34,3,11,1,1,10,4,2,1,0,1,5,1,8,50,5,7,12135,1754554571.9719198
6,8,16,11,5,2,11,0,11,9,1,1,4,10,18,4,2,15,12136,1754554571.972931
14,27,13,0,7,18,7,3,2,7,6,3,4,4,8,25,12,17,12135,1754554572.3040507
4,25,18,18,1,4,12,2,1,6,6,2,5,1,9,1,0,18,12136,1754554572.3069499
8,13,7,10,5,0,4,12,5,5,2,12,5,1,1,18,2,23,12135,1754554572.6426744
5,35,5,6,2,3,7,1,3,8,5,24,10,6,2,8,1,3,12136,1754554572.643674
6,12,5,14,4,15,11,10,13,17,8,5,4,8,1,40,3,4,12135,1754554572.972338
1,27,16,2,2,2,4,0,2,12,1,22,11,3,7,6,2,8,12136,1754554572.9753587
13,6,10,12,2,13,2,1,15,23,12,13,0,3,5,32,9,1,12135,1754554573.3062267
9,27,12,2,4,3,1,1,13,1,5,4,12,6,15,9,6,37,12136,1754554573.3082223
12,2,3,1,1,8,6,1,3,5,8,0,2,4,8,26,3,15,12135,1754554573.6408865
10,2,5,4,10,6,0,3,2,0,10,13,8,7,12,10,4,44,12136,1754554573.6418846
32,3,38,0,0,9,8,0,3,4,8,8,3,3,3,16,11,8,12135,1754554573.9963734
9,3,32,3,7,7,9,1,7,5,12,5,2,7,10,15,1,2,12136,1754554573.9982135
24,35,35,3,0,23,2,7,0,8,37,6,21,2,4,14,0,4,12135,1754554574.329655
4,7,20,3,2,1,3,1,2,5,19,4,12,10,3,5,0,22,12136,1754554574.331653
9,8,8,4,1,14,3,3,5,4,32,7,20,7,4,3,8,1,12135,1754554574.6654549
6,10,17,0,14,4,8,1,19,15,20,2,7,1,1,3,4,16,12136,1754554574.6674664
1,9,2,8,2,6,2,3,5,2,4,0,3,6,6,19,13,1,12135,1754554574.998208
12,5,1,2,13,3,2,5,20,11,3,2,7,1,8,2,2,7,12136,1754554575.0003066
2,13,7,6,7,11,0,1,5,1,5,2,4,9,1,23,11,16,12135,1754554575.332339
0,10,21,2,14,14,2,7,2,0,6,21,12,0,2,4,2,14,12136,1754554575.3338594
11,24,6,4,4,11,6,7,10,4,14,34,16,7,5,2,21,10,12135,1754554575.6664083
8,3,23,0,9,20,4,6,13,3,7,21,13,8,2,1,9,5,12136,1754554575.6683247
16,11,2,1,6,11,13,6,12,11,4,5,25,6,17,9,6,25,12135,1754554576.001146
7,0,25,4,2,2,7,17,16,3,9,2,4,9,6,1,8,10,12136,1754554576.0031612
3,4,0,3,14,0,13,20,7,9,1,1,27,10,23,12,8,1,12135,1754554576.3396835
2,2,3,1,4,3,3,17,19,11,13,4,1,0,11,2,17,11,12136,1754554576.3406477
3,15,1,5,22,3,5,25,6,2,11,8,5,3,0,1,2,11,12135,1754554576.6688015
7,5,24,4,3,0,7,19,3,11,6,4,0,0,13,3,15,4,12136,1754554576.6706855
7,39,1,3,13,21,0,6,5,8,2,3,1,5,8,13,4,3,12135,1754554577.0031376
7,7,1,6,2,5,3,4,2,4,5,5,2,1,7,2,13,2,12136,1754554577.0061347
14,36,2,8,13,25,3,19,5,8,4,13,27,2,8,20,3,2,12135,1754554577.3365273
10,12,4,15,4,5,6,3,6,3,15,1,3,2,8,0,7,5,12136,1754554577.3385384
9,6,9,3,28,5,2,3,6,11,0,4,26,16,4,27,15,13,12135,1754554577.672638
1,14,3,15,19,23,1,7,4,13,8,0,8,5,9,4,15,4,12136,1754554577.6747742
5,21,7,6,36,6,3,20,7,10,15,27,25,10,6,6,14,49,12135,1754554578.0055614
8,9,5,6,6,6,6,3,21,4,3,4,4,9,0,5,15,15,12136,1754554578.0075636
1,1,0,4,9,8,9,4,9,0,22,9,17,7,2,36,3,28,12135,1754554578.3414812
8,10,2,6,27,13,8,0,6,1,3,2,3,2,5,2,4,19,12136,1754554578.3434727
13,21,4,21,1,10,11,4,7,8,4,11,6,10,10,44,0,15,12135,1754554578.674357
18,7,9,29,6,6,2,0,2,6,0,3,3,2,6,4,3,3,12136,1754554578.676353
18,2,2,15,4,3,13,2,11,7,1,11,4,16,9,3,6,0,12135,1754554579.0080462
3,2,11,19,6,2,6,2,22,6,7,4,11,3,4,5,3,3,12136,1754554579.0100455
8,5,4,3,3,2,5,9,3,1,1,14,0,13,14,43,10,5,12135,1754554579.3428566
1,9,1,4,10,2,3,1,4,1,6,1,13,2,4,2,12,6,12136,1754554579.3446918
5,1,19,28,4,4,2,6,1,0,0,15,9,4,6,51,15,9,12135,1754554579.6758153
8,26,2,2,1,7,9,7,9,4,5,1,12,3,2,0,5,19,12136,1754554579.677816
44,13,15,27,3,2,9,9,0,11,5,29,8,17,1,40,0,6,12135,1754554580.010446
9,2,3,1,7,6,0,7,8,15,7,1,3,0,0,2,1,14,12136,1754554580.0114481
45,5,15,30,4,3,6,8,3,14,4,13,6,6,3,11,30,28,12135,1754554580.348921
7,5,3,12,6,9,6,2,6,10,11,7,1,5,5,4,8,1,12136,1754554580.3510394
33,4,1,26,1,4,3,1,10,7,6,11,1,8,2,20,35,23,12135,1754554580.679794
8,2,3,9,7,21,4,5,3,0,7,2,4,9,7,4,5,2,12136,1754554580.68204
6,5,2,2,3,4,2,1,3,8,4,16,2,29,10,24,22,2,12135,1754554581.0109358
10,2,1,6,2,19,1,17,17,1,4,4,1,7,0,10,2,8,12136,1754554581.011942
3,4,14,7,13,4,6,1,5,3,8,7,22,24,3,13,3,10,12135,1754554581.3470771
14,3,0,1,4,3,5,13,4,8,1,5,9,3,1,8,11,4,12136,1754554581.3492508
24,12,4,14,12,17,0,1,12,15,5,8,22,14,8,25,13,10,12135,1754554581.6817284
11,23,0,11,6,32,9,5,2,0,0,1,7,20,5,0,4,1,12136,1754554581.6847231
11,17,14,6,12,18,9,8,1,9,8,1,4,12,2,7,12,3,12135,1754554582.0168078
9,29,8,1,1,29,4,4,19,1,2,5,23,5,8,0,3,2,12136,1754554582.0193121
1,4,1,11,13,1,5,13,1,1,11,8,1,2,7,3,13,4,12135,1754554582.350497
3,2,5,10,8,15,5,2,1,8,0,2,24,8,6,7,5,2,12136,1754554582.3555713
9,1,2,9,13,2,3,13,2,4,18,0,6,3,2,31,8,18,12135,1754554582.6846423
25,3,14,12,4,15,7,5,8,6,1,8,2,8,2,0,6,7,12136,1754554582.686582
5,8,1,22,12,6,6,0,2,6,3,3,3,9,5,11,8,17,12135,1754554583.0189095
18,13,7,9,23,2,1,11,1,21,1,1,4,1,14,9,18,14,12136,1754554583.020921
2,8,11,37,2,2,7,6,13,4,7,3,11,2,10,5,18,14,12135,1754554583.3527637
2,3,6,12,19,7,1,11,0,21,8,4,6,6,11,4,23,1,12136,1754554583.353753
25,5,3,4,12,3,1,12,15,2,4,5,3,12,17,12,16,2,12135,1754554583.687046
3,4,2,14,0,8,0,2,1,21,11,3,4,5,4,1,5,0,12136,1754554583.689064
35,3,26,22,1,7,3,2,5,0,25,11,1,17,15,6,7,2,12135,1754554584.039983
2,16,8,9,1,2,0,9,1,16,11,9,4,2,4,6,3,6,12136,1754554584.0419824
9,2,8,7,10,1,4,2,1,1,17,3,4,1,5,24,4,26,12135,1754554584.378649
8,15,7,3,0,2,6,5,10,0,10,7,4,6,21,13,6,2,12136,1754554584.3796275
37,8,9,2,4,4,2,4,4,3,9,14,1,5,17,9,6,2,12135,1754554584.7077773
12,4,22,7,0,1,8,5,9,4,4,1,1,7,13,6,4,5,12136,1754554584.7098954
11,8,10,30,0,3,6,10,2,5,6,29,5,7,9,13,15,6,12135,1754554585.0481684
2,12,1,9,4,0,16,0,0,4,3,2,1,3,17,5,1,8,12136,1754554585.049164
9,15,5,7,1,7,0,3,5,2,7,30,1,0,13,8,14,15,12135,1754554585.3773148
10,14,4,6,2,2,13,1,1,2,13,5,1,8,20,5,6,6,12136,1754554585.379303
24,5,12,9,4,2,9,6,6,2,9,18,3,6,16,5,6,4,12135,1754554585.7090344
5,13,14,11,4,10,3,5,7,18,20,2,3,7,9,3,3,9,12136,1754554585.710143
29,5,1,2,2,3,4,1,9,3,8,14,4,17,7,14,9,3,12135,1754554586.0460784
6,28,14,2,5,10,1,5,12,19,4,6,1,19,12,2,2,4,12136,1754554586.0480773
8,3,14,1,3,6,4,9,7,7,10,18,7,7,1,26,1,13,12135,1754554586.3795002
4,23,30,9,1,1,0,4,1,1,2,22,14,20,19,0,1,4,12136,1754554586.381498
3,13,2,18,1,8,1,4,2,8,12,19,7,14,8,7,16,1,12135,1754554586.7135935
4,11,5,2,5,2,1,5,1,3,8,7,3,5,2,6,1,1,12136,1754554586.715593
5,4,6,8,3,1,3,5,3,1,6,27,11,3,3,22,3,3,12135,1754554587.0486772
4,12,39,2,0,3,2,7,6,12,1,12,7,10,4,4,10,6,12136,1754554587.0507078
11,7,11,3,0,2,1,7,5,2,3,16,13,0,0,4,28,12,12135,1754554587.381361
10,15,46,2,1,10,3,7,1,16,9,12,4,17,16,6,13,2,12136,1754554587.38336
10,6,11,5,3,3,2,6,9,10,7,12,20,5,25,19,9,5,12135,1754554587.7134562
7,10,10,12,2,14,5,2,3,5,4,16,6,8,2,4,2,5,12136,1754554587.714455
3,8,7,9,2,3,1,2,3,10,7,3,10,2,30,4,4,11,12135,1754554588.0483997
6,7,1,10,1,15,2,2,8,5,6,14,3,7,16,19,1,5,12136,1754554588.0516427
10,7,11,8,8,6,2,8,2,3,1,20,8,17,1,14,13,18,12135,1754554588.3885577
10,24,20,6,4,7,1,9,9,4,0,10,3,2,8,3,1,5,12136,1754554588.3896043
2,4,6,14,10,8,5,4,3,4,6,6,5,13,6,29,4,10,12135,1754554588.717472
11,28,4,2,0,8,3,11,22,11,8,4,5,0,10,8,5,5,12136,1754554588.7194722
7,16,4,18,2,3,4,2,9,5,15,25,13,5,5,5,5,16,12135,1754554589.0525277
11,14,11,9,3,4,5,22,16,10,4,1,2,0,16,17,12,5,12136,1754554589.0525277
18,17,5,18,2,5,6,6,8,6,6,24,4,4,3,4,9,12,12135,1754554589.3863354
2,7,9,12,3,1,10,2,2,5,4,18,2,0,5,1,8,1,12136,1754554589.38933
1,1,0,5,2,2,3,4,5,7,2,24,17,1,11,16,5,10,12135,1754554589.7206051
2,14,9,1,1,4,1,2,5,16,3,5,4,3,19,5,2,2,12136,1754554589.7226174
1,3,10,9,7,1,0,1,5,6,1,24,30,2,14,20,6,4,12135,1754554590.0533586
8,2,14,0,3,2,5,1,9,14,4,22,1,3,2,6,0,1,12136,1754554590.0553598
1,2,12,4,7,8,9,10,2,6,3,19,26,4,5,2,12,0,12135,1754554590.3891468
8,2,9,1,3,2,5,2,9,4,13,4,1,0,4,3,1,1,12136,1754554590.3911455
2,0,9,11,0,3,13,4,6,5,13,9,11,7,5,3,16,17,12135,1754554590.7244165
13,5,12,4,0,2,10,3,12,1,7,1,2,1,1,2,7,6,12136,1754554590.72652
5,2,7,7,4,5,2,2,0,1,12,28,16,1,12,40,13,33,12135,1754554591.057671
15,6,8,7,6,7,6,3,8,1,8,5,10,5,5,8,11,4,12136,1754554591.0596623
3,22,0,7,0,2,0,2,3,1,3,19,2,3,7,41,6,19,12135,1754554591.3933265
8,1,25,3,1,2,2,2,18,8,5,5,11,1,1,4,6,2,12136,1754554591.396322
7,17,5,3,4,1,1,1,6,3,6,20,26,9,9,15,1,18,12135,1754554591.726377
9,6,28,16,1,10,5,9,28,13,1,0,3,1,3,7,1,12,12136,1754554591.72837
2,18,3,2,0,0,15,3,11,9,7,17,3,3,14,4,7,16,12135,1754554592.063652
7,17,17,14,2,1,3,10,6,16,4,2,5,7,2,6,1,12,12136,1754554592.0647678
7,27,5,8,2,1,11,1,4,8,6,15,19,1,7,17,4,11,12135,1754554592.396092
9,6,6,1,6,0,7,2,13,12,10,1,6,11,7,5,1,22,12136,1754554592.398001
5,13,10,5,8,3,5,3,2,4,0,38,6,5,5,18,7,26,12135,1754554592.7276251
2,4,9,3,5,4,7,5,4,10,4,9,2,6,5,2,1,18,12136,1754554592.7286313
1,3,3,4,1,7,5,8,5,1,13,12,0,14,14,17,5,28,12135,1754554593.0638554
4,9,4,6,12,1,7,2,7,6,16,12,2,4,1,0,2,4,12136,1754554593.0658405
3,5,1,3,11,6,13,3,2,2,6,3,2,11,19,24,5,35,12135,1754554593.4008574
11,8,0,11,7,1,7,3,13,20,6,2,3,2,2,4,1,5,12136,1754554593.4018564
5,36,6,9,15,12,9,2,1,1,3,19,12,14,6,21,2,31,12135,1754554593.7330463
0,0,10,12,3,0,1,2,3,22,4,5,5,10,5,3,3,6,12136,1754554593.7357092
9,18,6,0,8,0,7,0,16,2,7,3,14,10,5,3,11,8,12135,1754554594.0821505
7,9,5,3,2,1,2,2,18,8,4,4,2,1,2,8,0,0,12136,1754554594.0831525
8,22,3,9,7,19,2,16,21,7,34,7,3,3,4,12,6,9,12135,1754554594.418244
11,18,11,7,5,1,2,5,21,6,22,5,7,6,0,9,3,1,12136,1754554594.4212406
0,8,1,7,2,15,2,1,22,8,26,14,12,4,2,15,12,27,12135,1754554594.753681
0,7,0,11,5,1,1,6,5,8,26,1,1,10,4,3,3,0,12136,1754554594.7546408
3,30,3,2,12,11,4,11,22,8,24,4,8,19,7,5,2,7,12135,1754554595.085511
2,2,1,1,3,0,2,9,5,17,2,6,2,7,2,6,26,16,12136,1754554595.0865092
8,16,1,1,9,5,6,24,11,6,11,14,3,17,1,11,7,13,12135,1754554595.4203186
2,9,2,2,3,35,1,0,2,7,0,6,4,3,0,2,5,10,12136,1754554595.4225762
1,22,0,1,2,4,3,21,1,17,0,21,2,3,8,3,6,24,12135,1754554595.7556002
3,2,4,14,8,35,2,3,9,1,10,2,1,9,3,7,26,4,12136,1754554595.7586033
6,45,7,17,0,5,2,24,11,16,11,5,9,6,1,12,1,25,12135,1754554596.0875723
2,9,6,13,1,1,1,2,1,11,4,4,5,1,1,2,2,9,12136,1754554596.0895762
1,25,6,10,5,6,3,3,3,0,1,4,15,12,3,15,4,1,12135,1754554596.4276357
10,2,4,10,0,6,0,3,4,16,3,8,1,13,1,0,2,3,12136,1754554596.4296315
2,7,7,1,4,1,0,7,9,2,3,15,9,4,3,37,16,5,12135,1754554596.7571478
9,12,5,30,3,4,1,8,11,4,7,3,6,22,3,2,5,0,12136,1754554596.7592719
4,10,5,11,4,2,3,5,6,0,2,7,28,4,5,16,15,9,12135,1754554597.090578
1,1,6,25,8,11,1,11,10,8,1,3,5,17,3,2,1,10,12136,1754554597.093578
18,1,7,10,2,0,2,4,2,4,9,1,22,5,6,7,14,6,12135,1754554597.425923
14,3,4,5,1,6,6,3,5,18,4,3,0,2,5,9,10,4,12136,1754554597.42903
14,2,4,27,1,6,10,6,1,1,16,12,16,12,10,4,12,7,12135,1754554597.7588487
9,8,13,1,4,22,0,6,11,1,3,2,5,5,3,8,25,8,12136,1754554597.7617261
6,5,13,22,1,6,2,7,3,0,10,1,14,16,6,8,1,9,12135,1754554598.0923405
15,6,2,10,0,29,7,9,25,16,7,4,2,0,0,2,18,2,12136,1754554598.0943542
30,0,27,11,1,23,5,2,5,5,14,5,8,2,3,5,14,4,12135,1754554598.4258916
2,9,1,13,5,31,1,5,19,11,6,5,8,3,6,0,14,2,12136,1754554598.4278898
21,2,16,10,1,25,3,4,4,4,8,5,13,17,4,7,2,1,12135,1754554598.7604468
16,30,0,8,10,27,15,7,19,17,4,2,0,2,6,14,7,2,12136,1754554598.7629507
7,12,4,21,2,10,8,1,2,3,2,5,4,14,6,13,1,6,12135,1754554599.0951102
12,23,0,6,5,0,15,4,3,8,4,2,11,2,4,12,4,3,12136,1754554599.0971084
9,2,7,24,5,9,7,2,12,13,0,21,3,2,1,15,6,13,12135,1754554599.4300723
0,5,9,12,10,3,2,7,7,11,4,2,10,5,7,1,4,2,12136,1754554599.4315915
17,10,14,8,8,14,4,0,12,13,2,31,3,3,6,15,18,2,12135,1754554599.7635539
11,1,4,8,8,2,1,3,1,2,1,1,9,9,7,2,5,4,12136,1754554599.7655451
28,1,12,12,14,5,1,2,18,3,6,1,8,4,2,23,18,8,12135,1754554600.0978146
6,11,0,7,15,26,5,3,6,3,7,1,9,5,5,0,6,3,12136,1754554600.099816
22,5,14,16,1,3,4,1,18,2,6,1,4,9,7,22,38,8,12135,1754554600.4372056
8,10,2,12,9,16,3,5,2,8,5,4,4,0,5,2,8,3,12136,1754554600.4382052
24,4,5,3,7,11,4,8,4,4,3,21,7,12,10,15,25,13,12135,1754554600.7675238
5,5,6,9,6,7,2,1,3,5,3,8,15,1,3,4,5,9,12136,1754554600.7696202
30,3,4,10,3,7,2,1,0,8,8,30,6,7,3,15,2,13,12135,1754554601.100453
15,4,11,10,10,2,1,4,0,0,7,3,8,4,3,0,3,0,12136,1754554601.1024516
17,2,5,25,2,7,4,9,3,6,3,2,8,2,10,11,12,2,12135,1754554601.4374528
5,6,5,17,10,5,9,0,15,9,10,2,8,2,5,2,2,3,12136,1754554601.4404519
22,4,19,9,6,7,2,6,5,2,1,1,17,2,3,32,25,18,12135,1754554601.7703707
6,12,3,12,2,3,11,0,17,11,10,5,14,1,1,0,4,9,12136,1754554601.77237
10,2,20,8,18,10,6,9,2,10,6,1,3,13,15,6,17,18,12135,1754554602.1044154
15,10,1,4,3,4,1,3,16,10,26,3,1,20,2,17,6,15,12136,1754554602.1064138
23,1,14,25,8,17,4,11,10,6,5,25,7,15,1,1,0,11,12135,1754554602.4402323
12,4,18,3,13,5,8,4,11,13,9,3,7,9,2,11,7,1,12136,1754554602.4422293
26,14,6,19,10,2,3,10,3,4,11,6,1,7,1,4,1,26,12135,1754554602.774501
10,1,9,1,14,6,4,2,7,19,1,6,5,5,4,6,4,7,12136,1754554602.777013
24,13,13,0,12,4,2,19,5,5,16,6,1,3,4,2,13,31,12135,1754554603.106858
4,2,16,0,4,5,0,2,12,11,7,0,5,1,4,3,4,4,12136,1754554603.108856
6,1,14,5,11,2,3,15,1,2,5,20,7,10,2,37,24,4,12135,1754554603.4435012
8,6,10,0,8,2,2,0,1,14,2,2,2,3,8,13,2,8,12136,1754554603.4468203
6,10,0,2,3,17,1,10,3,3,6,21,6,18,12,7,9,5,12135,1754554603.7766044
26,4,1,2,1,2,2,1,0,8,5,4,15,4,16,1,3,2,12136,1754554603.777611
7,7,11,4,3,15,1,2,3,10,6,3,1,11,9,10,4,19,12135,1754554604.1437445
35,5,6,9,0,3,1,13,0,6,3,11,4,3,25,11,3,4,12136,1754554604.1457562
26,2,6,9,6,3,6,7,5,7,5,13,2,4,6,35,22,13,12135,1754554604.4784737
14,6,2,1,1,4,6,14,7,7,1,18,6,4,3,3,3,7,12136,1754554604.4804647
27,3,12,9,3,7,2,3,2,0,3,8,23,5,5,10,25,10,12135,1754554604.8118
26,3,24,4,6,3,2,1,34,6,6,4,7,9,10,8,2,4,12136,1754554604.8139913
9,11,16,9,4,5,4,5,4,4,7,11,11,4,2,37,9,11,12135,1754554605.1447325
34,7,22,5,3,0,1,3,29,4,3,13,16,11,1,15,3,10,12136,1754554605.1477273
19,3,13,10,2,2,2,5,1,12,7,3,20,3,1,41,4,29,12135,1754554605.4774978
10,13,23,1,2,18,2,1,8,4,11,12,10,9,7,19,1,12,12136,1754554605.4784963
6,8,11,26,3,1,1,3,2,24,1,4,14,4,3,0,7,31,12135,1754554605.8114047
7,23,11,1,0,15,2,3,6,1,6,1,4,12,1,14,6,4,12136,1754554605.8134112
28,39,2,27,5,0,3,0,5,3,6,20,14,6,2,39,12,15,12135,1754554606.1489332
3,15,13,2,0,3,17,3,2,1,2,21,4,16,7,5,11,1,12136,1754554606.150931
31,36,3,9,7,16,1,11,7,2,9,0,1,10,13,7,14,13,12135,1754554606.4824467
0,3,25,9,9,3,6,3,2,13,17,19,6,5,14,4,2,1,12136,1754554606.4835405
2,5,1,5,5,16,0,8,1,3,2,11,15,14,6,33,1,4,12135,1754554606.816901
2,3,5,15,9,2,20,8,2,10,9,19,9,2,16,2,3,6,12136,1754554606.8187923
3,1,1,2,9,6,1,0,5,3,2,20,11,0,1,44,2,4,12135,1754554607.1567078
1,7,36,5,2,1,1,11,2,8,8,4,12,17,6,3,6,3,12136,1754554607.1581564
4,7,6,6,1,6,1,1,1,10,3,6,1,1,17,5,14,19,12135,1754554607.484572
28,13,17,4,2,2,0,17,9,12,19,4,16,17,0,10,6,2,12136,1754554607.4866722
10,8,13,11,1,0,0,2,6,9,1,16,1,7,24,1,5,9,12135,1754554607.819146
16,7,5,5,1,1,1,2,10,1,15,1,17,6,5,0,12,1,12136,1754554607.8206685
10,5,4,8,6,2,4,9,0,7,3,3,2,20,4,4,15,16,12135,1754554608.1530674
13,5,30,4,14,4,1,0,8,5,7,12,7,13,1,3,10,2,12136,1754554608.1550653
15,7,9,5,1,4,6,1,2,2,1,12,7,8,2,2,16,3,12135,1754554608.4923055
22,1,22,0,12,4,5,0,9,2,10,12,4,7,1,3,1,7,12136,1754554608.4943054
8,9,7,15,11,3,2,11,10,7,0,22,4,10,5,1,30,27,12135,1754554608.820349
23,20,4,8,4,3,0,13,15,1,4,2,4,5,4,3,7,3,12136,1754554608.8223474
9,15,1,6,14,2,9,8,27,17,7,28,3,1,1,11,18,6,12135,1754554609.1569984
15,15,4,6,4,1,8,13,14,8,8,4,11,1,2,17,1,0,12136,1754554609.158996
0,20,5,0,25,15,6,6,18,19,2,14,3,15,5,17,7,0,12135,1754554609.4891665
13,6,12,4,7,2,11,1,24,4,4,16,12,2,7,15,5,33,12136,1754554609.4914007
1,7,0,2,8,15,0,4,3,0,4,13,16,1,1,41,3,6,12135,1754554609.823906
3,11,8,12,6,2,6,1,24,9,6,9,5,6,22,4,5,32,12136,1754554609.8259017
2,1,1,11,5,3,11,3,0,16,2,17,18,1,0,27,3,9,12135,1754554610.155919
3,5,10,5,10,3,2,7,7,0,5,4,10,4,34,9,18,4,12136,1754554610.1569173
5,12,2,9,12,2,8,8,3,7,1,30,2,9,5,12,5,2,12135,1754554610.4893188
2,1,5,2,1,2,0,11,5,8,3,12,9,5,13,13,13,3,12136,1754554610.491322
8,8,7,5,24,14,0,7,5,10,21,12,18,7,22,32,5,6,12135,1754554610.8236399
1,3,1,4,3,7,14,1,13,7,9,1,3,3,7,1,1,1,12136,1754554610.8266404
2,34,0,8,27,13,5,3,2,15,15,12,15,3,19,19,7,14,12135,1754554611.158991
2,3,2,10,2,7,17,3,7,3,11,10,5,7,11,1,5,1,12136,1754554611.159991
4,37,1,1,19,4,13,8,4,3,1,16,11,11,28,13,1,9,12135,1754554611.493235
1,1,4,4,3,2,5,3,2,16,2,9,3,6,10,2,1,3,12136,1754554611.4962244
5,9,0,11,26,40,9,7,8,18,10,12,9,22,28,19,11,0,12135,1754554611.8276408
7,3,16,0,6,10,26,1,8,9,0,6,2,1,15,1,10,5,12136,1754554611.8296938
7,6,4,11,4,48,5,6,3,8,1,5,2,20,11,25,1,11,12135,1754554612.1630049
4,9,0,1,4,7,25,2,12,3,0,8,1,5,0,1,13,14,12136,1754554612.1646595
2,23,5,7,26,10,6,9,4,16,22,25,21,6,6,42,9,11,12135,1754554612.4980106
0,2,10,10,3,5,5,3,6,5,26,5,7,1,1,0,5,14,12136,1754554612.5000067
13,33,6,2,5,6,6,1,1,1,4,10,4,7,3,36,9,4,12135,1754554612.8349326
1,8,32,9,1,1,6,4,16,7,28,7,4,6,8,1,2,1,12136,1754554612.8369288
14,1,2,2,15,12,9,3,0,5,3,23,6,2,3,9,12,2,12135,1754554613.1650777
8,11,1,4,0,9,0,1,4,3,21,3,1,15,5,1,1,3,12136,1754554613.1669827
5,5,3,4,9,13,8,3,8,4,8,1,8,11,3,9,1,8,12135,1754554613.499872
8,2,1,6,3,3,2,1,8,6,21,2,2,14,2,2,15,3,12136,1754554613.503421
4,10,11,3,1,2,3,0,7,8,2,0,10,6,2,19,7,11,12135,1754554613.8334203
10,8,23,4,0,5,3,1,17,8,7,6,6,7,8,0,11,0,12136,1754554613.83443
3,3,9,5,6,4,1,8,1,11,0,1,5,4,1,4,2,8,12135,1754554614.1852348
0,7,24,7,2,15,3,3,2,0,1,3,4,11,9,1,13,9,12136,1754554614.186233
10,1,9,16,8,0,4,10,5,4,19,1,1,3,4,27,3,10,12135,1754554614.5216098
4,20,1,11,15,13,0,4,6,14,4,4,9,9,8,5,15,3,12136,1754554614.5241325
3,6,7,13,9,3,3,1,1,1,19,10,2,2,6,24,3,24,12135,1754554614.854237
4,28,2,13,14,1,2,2,19,17,2,4,10,3,11,5,9,6,12136,1754554614.8562346
11,2,10,1,8,1,0,5,9,2,4,1,5,4,4,7,9,7,12135,1754554615.1890588
5,6,2,1,1,2,2,0,1,1,4,2,17,0,4,7,10,12,12136,1754554615.1920714
2,9,18,3,1,1,1,8,3,6,18,9,0,5,3,40,11,7,12135,1754554615.520626
2,4,3,2,0,0,5,4,2,3,10,5,11,10,5,7,2,2,12136,1754554615.5216272
10,15,21,28,3,11,1,11,2,2,18,18,3,2,9,34,7,7,12135,1754554615.8559716
1,3,2,1,8,3,5,3,0,1,10,11,9,12,5,7,16,3,12136,1754554615.8579702
0,4,14,30,5,10,0,15,3,2,6,26,0,3,3,4,12,7,12135,1754554616.1925557
4,1,5,6,2,8,8,1,2,4,3,9,0,6,2,2,11,2,12136,1754554616.1945546
14,6,8,4,2,2,10,2,2,6,11,29,7,4,8,34,6,21,12135,1754554616.5240207
1,1,2,5,0,1,13,1,2,3,3,6,4,4,6,1,2,3,12136,1754554616.5260196
1,9,11,4,4,1,1,5,4,9,8,18,4,11,2,12,16,1,12135,1754554616.867111
2,7,6,14,7,7,20,3,7,1,5,9,9,6,2,6,3,0,12136,1754554616.8681185
9,13,7,24,4,3,7,7,4,6,6,9,11,2,3,5,7,4,12135,1754554617.193772
2,4,12,11,4,2,9,13,5,1,4,3,9,12,4,1,3,0,12136,1754554617.1956706
0,1,2,20,6,6,5,10,8,4,2,14,12,2,13,2,9,3,12135,1754554617.529114
4,15,12,0,10,0,6,16,1,1,7,11,12,20,0,3,3,1,12136,1754554617.5312212
3,1,5,11,7,11,14,0,12,8,0,2,8,5,19,9,12,12,12135,1754554617.8635416
8,14,2,3,8,2,3,5,0,1,8,7,11,1,1,8,5,3,12136,1754554617.8655417
4,21,3,6,1,3,12,4,5,8,3,19,19,19,25,5,9,1,12135,1754554618.1962953
5,0,4,30,10,5,2,7,2,1,11,8,1,2,6,5,2,2,12136,1754554618.1983557
7,14,13,19,5,10,1,7,6,4,2,2,12,17,23,6,11,12,12135,1754554618.5288732
4,1,17,33,7,24,1,4,15,0,2,5,4,0,8,4,2,7,12136,1754554618.5309725
6,7,1,14,4,9,12,9,7,6,10,22,7,4,3,25,3,12,12135,1754554618.8624413
0,0,12,1,8,22,22,8,2,24,13,6,2,8,11,0,6,5,12136,1754554618.8634403
6,0,14,16,5,5,9,6,4,12,15,13,1,3,16,10,1,3,12135,1754554619.1991656
2,8,14,2,10,0,21,6,21,16,2,10,0,2,19,3,8,12,12136,1754554619.2022002
18,1,5,17,1,6,3,4,0,2,8,4,2,2,9,1,17,16,12135,1754554619.5320106
9,4,1,4,2,3,3,1,33,10,0,5,3,8,1,4,9,22,12136,1754554619.5330021
17,3,8,8,6,0,0,3,3,20,5,6,6,5,9,27,6,8,12135,1754554619.867862
9,9,11,15,3,3,4,3,10,11,2,1,1,4,5,6,1,17,12136,1754554619.869874
28,1,0,0,1,2,4,1,2,17,14,25,6,2,2,2,3,23,12135,1754554620.2060063
2,4,27,15,1,5,3,1,10,5,8,31,4,1,6,8,8,3,12136,1754554620.208007
10,3,6,10,4,1,3,2,2,4,6,16,7,5,0,4,3,11,12135,1754554620.5353508
4,5,3,2,1,8,7,1,5,8,5,36,10,11,4,2,3,3,12136,1754554620.5373478
7,0,8,21,4,3,7,5,2,12,6,5,5,1,2,11,4,3,12135,1754554620.866848
5,7,19,4,10,15,1,12,8,8,3,3,14,10,5,8,5,2,12136,1754554620.86785
26,5,2,22,2,4,13,5,2,9,11,4,9,10,13,16,4,16,12135,1754554621.2032773
10,4,12,3,5,6,7,3,6,8,5,1,3,10,3,0,2,2,12136,1754554621.2053723
18,6,5,17,2,11,2,2,6,13,1,15,12,2,6,26,5,16,12135,1754554621.53657
16,7,2,3,2,3,3,14,8,8,1,11,3,16,11,4,5,6,12136,1754554621.53857
4,6,0,4,0,15,0,2,8,19,2,16,6,3,7,23,13,8,12135,1754554621.872902
8,4,14,4,4,1,13,4,11,8,6,9,3,7,8,11,7,6,12136,1754554621.874901
3,5,4,6,5,7,3,0,5,13,2,2,11,8,16,25,2,2,12135,1754554622.2051413
4,14,3,3,3,2,18,17,5,1,5,8,6,8,11,7,2,8,12136,1754554622.2061415
8,30,3,1,1,10,2,9,1,14,7,7,8,5,2,19,9,21,12135,1754554622.5391712
3,9,18,4,1,0,11,13,0,3,9,6,4,5,16,9,6,1,12136,1754554622.5411723
13,35,2,4,8,6,4,5,4,7,6,15,1,8,1,6,7,18,12135,1754554622.8751495
7,2,10,10,2,3,0,2,4,8,0,3,1,9,3,5,3,4,12136,1754554622.8771484
18,1,1,10,1,1,3,6,0,5,2,8,1,1,7,4,3,10,12135,1754554623.2101336
4,6,37,7,2,4,1,5,2,3,3,16,1,12,8,2,6,1,12136,1754554623.2121313
10,4,2,5,4,8,1,5,3,13,2,2,4,3,1,2,6,20,12135,1754554623.5442038
4,2,14,6,1,4,3,0,4,1,9,2,1,4,3,6,7,4,12136,1754554623.5462
13,9,8,7,5,3,4,2,2,17,2,4,21,12,1,4,7,1,12135,1754554623.8761828
14,0,1,12,2,5,1,1,8,6,1,18,15,2,17,1,7,6,12136,1754554623.877184
2,16,5,4,0,1,1,3,6,7,5,14,24,7,2,24,19,8,12135,1754554624.2371624
2,13,10,13,1,2,1,3,11,4,3,17,2,2,5,10,4,2,12136,1754554624.2371624
2,6,7,2,30,0,1,7,3,5,5,10,2,0,1,25,19,13,12135,1754554624.5703025
10,6,20,8,6,9,2,4,1,3,1,17,9,1,21,8,2,9,12136,1754554624.5721972
7,1,3,1,23,0,4,4,1,0,0,29,2,1,11,48,16,7,12135,1754554624.901574
4,19,10,9,6,8,0,1,4,2,1,7,5,4,1,3,5,9,12136,1754554624.902604
1,7,7,2,7,3,6,5,8,0,12,32,3,1,18,46,7,13,12135,1754554625.2365568
5,3,28,4,3,2,5,8,8,9,16,9,8,4,2,3,6,2,12136,1754554625.237557
6,4,5,0,1,7,10,11,13,6,3,21,1,0,2,16,10,20,12135,1754554625.5723054
7,7,1,1,5,21,9,11,17,8,11,10,4,7,1,3,3,1,12136,1754554625.5737927
9,6,6,3,26,8,2,15,8,3,1,7,4,7,9,24,11,21,12135,1754554625.9086697
11,28,12,2,4,18,3,15,10,24,15,18,1,3,3,5,0,14,12136,1754554625.9106667
2,26,7,13,28,4,0,2,3,4,0,3,22,4,3,26,1,1,12135,1754554626.2417693
3,23,6,1,2,4,2,9,7,18,18,4,0,6,2,1,4,18,12136,1754554626.24376
5,10,2,9,4,10,4,10,16,3,3,7,28,5,6,7,4,15,12135,1754554626.5733304
8,6,15,5,5,7,2,2,7,9,3,8,4,2,7,1,2,7,12136,1754554626.5753336
11,23,0,1,4,15,2,5,14,2,2,6,1,6,4,29,6,5,12135,1754554626.908049
3,1,26,5,5,0,4,3,7,6,3,5,9,10,15,0,2,6,12136,1754554626.9100497
15,15,3,2,1,3,10,1,5,9,6,13,27,10,0,38,0,6,12135,1754554627.2419164
3,9,24,9,4,0,0,7,29,4,4,2,9,17,5,11,0,3,12136,1754554627.2439063
4,21,3,14,1,0,10,2,2,10,9,2,23,3,3,10,4,6,12135,1754554627.5762832
5,14,29,1,6,1,2,1,31,9,1,9,3,5,1,10,9,11,12136,1754554627.5791924
5,3,1,18,22,6,3,5,4,13,15,25,17,1,14,7,2,8,12135,1754554627.9113474
6,19,12,15,3,6,1,5,0,1,2,22,0,8,3,17,9,4,12136,1754554627.9133484
5,26,4,2,6,15,0,5,9,8,10,14,12,1,13,19,0,3,12135,1754554628.2509143
1,14,6,8,1,5,1,10,35,10,3,11,6,6,0,2,4,20,12136,1754554628.2519166
1,21,4,3,23,8,7,9,10,5,13,8,20,5,6,15,16,6,12135,1754554628.5809572
4,9,9,3,11,7,3,12,14,0,4,8,27,9,4,9,21,19,12136,1754554628.5819578
3,13,1,2,14,2,5,4,1,4,4,25,1,0,15,33,16,5,12135,1754554628.9162698
0,3,16,2,4,10,0,1,4,9,4,14,22,9,4,2,13,2,12136,1754554628.9181485
4,17,1,4,8,1,3,2,19,18,10,23,1,17,11,1,19,22,12135,1754554629.2491405
9,20,1,7,0,2,2,2,14,6,4,4,2,0,2,8,0,4,12136,1754554629.251032
0,4,3,1,8,5,9,5,23,19,8,1,27,10,5,2,2,45,12135,1754554629.5825236
7,3,2,5,4,2,5,2,10,7,18,0,4,4,14,8,27,2,12136,1754554629.5845234
4,3,4,2,14,23,4,1,8,1,11,8,7,3,1,1,17,22,12135,1754554629.9216237
1,20,24,4,17,7,3,1,18,4,14,10,2,7,15,9,32,5,12136,1754554629.9236393
0,14,1,5,6,8,1,1,8,2,0,25,5,15,5,17,12,3,12135,1754554630.2499022
5,16,28,8,23,4,1,8,6,10,17,3,14,8,2,4,13,2,12136,1754554630.2518513
8,3,2,2,24,1,1,10,7,2,16,3,5,14,0,5,5,6,12135,1754554630.5838902
1,9,4,0,11,4,4,7,5,2,22,9,7,0,0,7,9,11,12136,1754554630.584815
1,5,1,5,2,16,1,9,11,3,22,13,3,2,3,6,16,2,12135,1754554630.9203005
1,12,3,5,11,1,4,0,11,4,38,2,21,5,4,4,11,16,12136,1754554630.9222949
2,15,6,2,2,4,3,5,5,1,13,5,8,1,2,10,9,21,12135,1754554631.2536879
3,10,13,27,3,2,2,2,12,1,34,3,10,0,0,7,9,2,12136,1754554631.2556872
14,3,2,10,2,3,3,1,2,1,7,10,5,6,6,4,23,13,12135,1754554631.5862575
7,11,20,27,1,1,2,1,15,12,2,5,8,2,6,11,19,2,12136,1754554631.5882535
3,1,4,13,0,2,0,3,0,6,4,3,6,4,6,6,6,10,12135,1754554631.9207377
7,10,14,5,1,24,2,3,5,7,2,17,0,5,11,9,1,5,12136,1754554631.9227428
1,1,2,1,1,2,4,1,3,8,27,2,1,1,7,10,17,1,12135,1754554632.2566233
5,20,3,1,4,21,2,1,8,5,25,1,2,4,9,2,3,2,12136,1754554632.2575722
12,2,3,16,1,7,1,3,18,10,28,3,14,1,5,16,6,3,12135,1754554632.5889752
8,15,13,3,5,1,4,6,24,16,30,3,8,0,1,5,12,2,12136,1754554632.5899746
5,7,9,17,1,6,12,17,16,5,5,5,5,7,18,29,8,1,12135,1754554632.9236531
3,13,0,2,2,2,5,1,4,7,11,0,4,7,6,3,11,2,12136,1754554632.9256563
2,10,12,14,1,1,2,6,10,1,4,5,3,3,16,42,5,18,12135,1754554633.2584953
4,26,10,2,12,2,16,6,18,5,5,9,5,10,3,2,1,0,12136,1754554633.2604947
15,3,11,15,25,1,8,12,11,16,3,9,1,5,3,20,15,18,12135,1754554633.594818
2,26,10,3,7,8,14,2,18,8,5,14,2,23,9,0,0,9,12136,1754554633.5968657
2,13,1,0,22,1,1,0,4,6,1,5,6,14,7,2,23,15,12135,1754554633.9242864
22,3,0,6,1,11,2,5,1,7,13,6,0,22,1,2,1,13,12136,1754554633.9242864
1,6,5,6,1,3,3,3,5,7,7,1,1,9,7,23,13,5,12135,1754554634.2804182
23,25,0,4,4,21,2,21,2,9,5,2,4,26,3,6,5,1,12136,1754554634.2814124
18,4,5,2,2,2,10,11,1,3,16,2,1,12,7,1,9,10,12135,1754554634.6138299
4,9,0,9,0,21,1,19,1,5,9,0,1,27,5,0,4,6,12136,1754554634.6158278
14,0,3,29,6,1,10,15,1,11,14,3,0,1,7,6,0,17,12135,1754554634.948452
5,17,7,5,10,2,7,1,5,1,2,3,10,2,3,3,3,1,12136,1754554634.948452
10,12,12,26,6,6,9,3,2,8,6,4,4,1,9,5,7,15,12135,1754554635.2834036
4,1,11,1,11,10,2,5,4,5,1,1,10,3,7,0,15,9,12136,1754554635.2854009
36,8,1,2,9,4,10,2,10,10,0,2,5,1,1,13,12,5,12135,1754554635.6185691
5,8,6,18,0,1,4,5,17,6,2,7,1,2,11,2,19,6,12136,1754554635.6215582
10,13,2,32,1,3,1,4,2,12,5,4,0,7,4,0,12,13,12135,1754554635.9506137
3,0,5,8,1,12,2,10,11,0,1,2,1,5,1,1,2,3,12136,1754554635.9534984
1,12,9,34,2,6,6,9,12,13,5,2,5,17,8,5,11,14,12135,1754554636.2905767
1,4,4,13,8,32,0,9,8,2,3,1,4,2,11,8,2,2,12136,1754554636.2925875
0,10,7,8,1,9,8,2,0,9,7,9,2,15,5,12,9,11,12135,1754554636.6202314
0,5,2,5,9,33,4,8,2,19,3,4,3,2,8,9,10,1,12136,1754554636.6222315
12,4,4,7,2,6,11,8,12,4,4,4,11,2,2,20,5,30,12135,1754554636.952866
3,8,3,4,4,0,4,3,15,1,4,4,3,3,12,23,2,15,12136,1754554636.9557624
3,1,1,3,2,3,1,10,12,2,2,3,39,5,2,3,5,18,12135,1754554637.2860656
0,18,40,11,0,2,2,1,5,17,1,5,1,12,7,21,14,15,12136,1754554637.2870636
16,1,12,3,1,1,3,1,3,1,1,5,35,8,7,17,5,1,12135,1754554637.623197
5,17,36,11,1,2,8,0,12,4,5,1,9,16,3,1,17,1,12136,1754554637.626187
41,10,20,8,0,5,7,1,2,2,3,12,5,4,7,1,29,9,12135,1754554637.9556117
5,3,6,2,5,3,1,5,12,9,10,1,1,4,2,2,22,6,12136,1754554637.9576106
43,6,1,3,7,5,9,1,4,3,8,1,16,0,16,7,20,6,12135,1754554638.2901137
2,1,9,2,2,1,15,1,2,6,1,8,6,1,14,11,4,3,12136,1754554638.2921138
15,5,10,6,10,2,2,2,5,9,1,1,2,5,5,44,4,7,12135,1754554638.6235485
17,0,3,2,0,3,8,5,16,6,11,9,3,2,12,3,1,7,12136,1754554638.6256547
10,4,5,4,6,5,3,2,6,7,8,4,11,1,9,25,7,23,12135,1754554638.9589994
10,9,23,2,1,4,7,3,21,10,2,3,6,1,16,2,6,4,12136,1754554638.9599974
16,28,1,10,7,3,2,2,12,0,0,0,2,6,11,2,23,19,12135,1754554639.2919521
28,12,18,1,4,1,4,11,9,17,1,9,0,6,12,3,5,2,12136,1754554639.2939527
4,15,15,0,2,2,2,0,7,8,4,14,0,12,4,23,33,28,12135,1754554639.625313
6,8,11,3,5,0,1,2,11,32,8,3,1,10,4,6,2,3,12136,1754554639.6263132
16,6,7,15,6,1,1,1,6,10,4,20,10,13,2,46,29,15,12135,1754554639.9617884
8,7,17,4,9,2,2,2,24,0,9,2,2,0,5,0,0,5,12136,1754554639.9637868
17,10,6,24,2,2,1,0,2,3,3,13,13,2,0,11,4,7,12135,1754554640.2963583
17,4,21,8,9,5,1,3,24,15,2,14,1,8,9,23,4,3,12136,1754554640.2983587
3,5,9,0,4,2,2,3,6,3,0,1,1,1,12,18,30,17,12135,1754554640.6292021
21,5,3,6,0,1,1,0,25,11,6,18,12,3,2,0,1,4,12136,1754554640.6302104
8,3,1,3,4,6,3,2,2,0,9,14,12,4,11,3,9,8,12135,1754554640.9648952
33,2,5,4,2,4,1,2,1,6,1,19,5,5,3,8,4,5,12136,1754554640.9668944
6,3,7,2,6,0,1,7,1,8,12,18,6,7,3,8,31,6,12135,1754554641.2988698
7,1,16,4,2,2,0,4,29,5,3,6,16,6,11,13,3,13,12136,1754554641.3020842
5,11,9,3,10,2,2,8,6,10,25,3,1,9,9,19,31,10,12135,1754554641.6328754
9,6,14,3,1,4,2,0,37,3,6,4,7,3,13,4,6,16,12136,1754554641.6349783
13,7,1,3,10,3,2,3,2,2,27,10,0,1,8,13,3,5,12135,1754554641.9727108
1,2,1,5,1,2,2,2,21,8,5,16,16,7,1,5,8,1,12136,1754554641.973711
6,1,4,14,8,14,10,1,4,0,10,6,1,10,1,24,6,6,12135,1754554642.302681
0,0,14,9,1,4,4,0,16,7,2,2,1,10,3,0,14,7,12136,1754554642.3056824
19,5,7,2,2,15,6,3,0,9,2,13,4,1,4,35,12,4,12135,1754554642.6377444
4,4,20,2,2,1,5,1,6,6,2,0,5,5,12,7,5,0,12136,1754554642.6400714
21,9,3,1,9,0,4,10,1,6,7,10,14,5,2,6,7,7,12135,1754554642.9716437
6,5,3,9,1,0,2,4,0,10,4,4,2,1,20,2,0,2,12136,1754554642.97327
26,1,4,18,2,1,0,9,5,3,0,8,11,18,4,14,4,17,12135,1754554643.3055825
8,5,4,11,0,5,2,5,5,6,0,1,3,5,6,3,5,6,12136,1754554643.307206
24,11,3,10,1,2,5,8,11,9,3,17,3,17,4,26,3,4,12135,1754554643.6411417
8,0,34,2,1,0,3,5,8,5,3,1,8,8,10,5,1,8,12136,1754554643.6431472
19,6,31,20,5,7,0,4,9,4,4,0,4,19,4,16,9,27,12135,1754554643.9756565
4,27,17,3,2,8,3,5,7,2,13,8,16,5,5,5,2,0,12136,1754554643.9776537
3,7,18,27,8,8,5,2,2,2,0,13,3,8,2,19,12,11,12135,1754554644.3236434
3,25,12,3,2,7,9,2,1,2,2,15,17,3,7,9,10,3,12136,1754554644.3246582
10,7,19,24,12,9,8,5,4,1,2,4,3,4,19,25,11,0,12135,1754554644.66638
3,4,7,11,1,8,5,0,5,5,6,25,4,7,6,3,10,0,12136,1754554644.6702762
4,1,17,3,14,15,2,5,2,5,12,7,2,4,9,27,7,2,12135,1754554644.992929
21,2,2,14,0,1,2,3,9,11,3,20,2,0,1,3,1,3,12136,1754554644.996037
11,3,9,0,6,2,1,6,4,8,3,6,1,12,5,32,2,9,12135,1754554645.3281746
12,3,6,2,16,8,1,3,16,6,4,3,6,7,15,6,2,11,12136,1754554645.3299417
2,6,1,27,7,1,1,6,3,17,16,11,6,5,20,0,22,11,12135,1754554645.662639
6,2,10,3,15,2,0,3,2,3,3,29,13,10,19,7,7,9,12136,1754554645.664624
14,7,7,21,5,1,4,4,0,14,19,13,10,11,12,29,4,14,12135,1754554645.9980245
0,3,6,5,1,2,6,0,5,9,3,26,18,2,13,4,11,1,12136,1754554646.0000248
34,0,9,11,8,1,2,13,1,0,17,9,7,1,7,23,31,4,12135,1754554646.330908
7,0,11,5,2,3,6,1,7,13,7,15,0,1,12,6,6,0,12136,1754554646.332945
10,2,14,12,9,13,8,8,6,2,13,4,5,7,12,14,16,13,12135,1754554646.6668565
6,3,5,1,5,1,11,2,9,0,9,11,0,9,9,2,7,1,12136,1754554646.6698053
18,13,23,34,1,11,6,1,11,14,12,14,10,2,10,4,2,24,12135,1754554647.0005023
0,10,3,16,6,6,7,2,2,25,0,6,1,1,4,6,2,7,12136,1754554647.0023837
22,9,2,2,10,18,12,1,12,22,2,22,0,2,7,3,8,27,12135,1754554647.3346395
0,13,26,18,2,4,5,2,24,29,5,2,1,5,13,5,10,2,12136,1754554647.3376424
42,8,5,13,9,19,4,21,1,20,1,7,1,3,7,12,3,22,12135,1754554647.667245
3,0,1,0,10,19,2,10,13,8,3,1,3,5,4,15,31,18,12136,1754554647.668238
0,12,19,11,4,2,2,9,3,7,1,9,13,8,3,20,3,14,12135,1754554648.0029507
3,2,7,5,7,17,3,5,8,1,3,1,3,1,0,1,21,26,12136,1754554648.00495
0,11,4,1,3,1,0,10,2,4,3,4,7,3,2,13,6,5,12135,1754554648.3411303
7,29,13,2,0,3,1,3,3,3,4,4,6,1,9,1,3,20,12136,1754554648.3424587
38,9,19,2,2,8,5,1,1,6,17,19,0,9,12,7,6,2,12135,1754554648.6710606
2,22,1,2,0,5,3,1,2,14,12,0,5,5,2,12,8,18,12136,1754554648.6730592
48,3,32,8,5,6,5,3,2,2,13,10,8,11,9,33,9,7,12135,1754554649.0092924
1,0,6,8,4,1,4,0,2,17,12,2,8,13,7,1,0,2,12136,1754554649.0103483
38,1,10,7,7,7,4,16,5,7,12,20,17,4,5,1,0,21,12135,1754554649.338486
2,9,29,10,6,7,4,1,6,12,46,8,1,7,13,2,1,12,12136,1754554649.340485
37,4,8,2,5,2,4,8,2,3,5,18,15,11,11,51,2,17,12135,1754554649.6741724
20,12,28,2,9,0,1,4,8,2,34,13,1,1,5,11,26,9,12136,1754554649.676171
6,3,12,7,2,0,4,9,5,1,6,3,13,4,9,3,10,18,12135,1754554650.0077987
16,1,4,9,5,3,3,2,13,2,9,5,13,12,3,2,20,4,12136,1754554650.009695
37,5,16,17,2,19,3,15,6,6,15,7,12,3,2,19,9,3,12135,1754554650.3416858
4,10,1,12,9,3,3,2,6,2,4,2,10,9,6,1,7,21,12136,1754554650.3436997
43,8,7,4,0,16,0,15,25,5,3,4,5,15,6,20,47,5,12135,1754554650.6743984
4,3,0,3,12,3,4,5,7,1,3,3,11,3,7,6,12,13,12136,1754554650.6753962
30,2,2,7,3,1,3,1,23,0,8,9,7,1,3,21,29,4,12135,1754554651.011066
1,11,10,7,2,7,5,1,10,6,25,2,7,10,7,10,16,6,12136,1754554651.0131574
24,17,6,1,1,2,8,10,4,15,10,8,13,13,15,12,17,1,12135,1754554651.3461514
9,0,0,4,0,6,3,2,4,5,22,10,1,3,4,1,4,6,12136,1754554651.3482456
37,19,9,4,2,4,7,8,1,14,1,28,11,2,15,38,12,3,12135,1754554651.6800957
7,6,9,6,14,2,6,3,11,1,4,13,3,1,4,10,3,5,12136,1754554651.6821992
32,9,6,1,8,1,1,8,5,8,0,19,2,9,2,2,1,12,12135,1754554652.0146182
5,5,1,2,9,6,3,3,7,11,8,11,0,6,10,3,19,4,12136,1754554652.0166159
6,16,7,6,4,5,9,1,6,5,7,1,1,9,1,46,3,16,12135,1754554652.3534026
9,4,4,11,6,2,14,1,5,14,16,3,5,4,3,3,14,6,12136,1754554652.354412
11,13,12,3,1,2,3,10,1,1,1,20,18,22,8,3,13,8,12135,1754554652.6840873
9,4,1,10,0,12,16,1,7,1,6,3,3,2,3,1,3,2,12136,1754554652.686082
10,7,10,7,2,3,5,2,2,2,12,11,10,7,7,30,11,20,12135,1754554653.0172045
4,2,2,29,1,16,1,3,2,18,8,3,2,5,1,6,3,5,12136,1754554653.0192018
19,5,5,3,2,0,1,3,5,11,7,4,0,9,4,14,38,8,12135,1754554653.3527563
2,11,0,33,0,0,2,4,19,7,1,2,13,1,4,2,0,2,12136,1754554653.354694
10,3,2,7,1,1,1,0,8,6,1,6,2,8,1,9,8,7,12135,1754554653.68773
0,20,2,3,6,5,3,16,23,7,1,7,13,2,1,4,10,4,12136,1754554653.689915
0,8,21,2,4,1,4,5,15,1,13,17,12,7,2,5,10,15,12135,1754554654.0217896
2,22,1,5,4,13,2,11,13,9,0,1,0,3,3,12,3,6,12136,1754554654.0248802
2,7,30,10,4,4,3,8,9,4,15,5,5,3,3,3,2,12,12135,1754554654.372009
4,12,8,11,9,3,3,11,17,8,3,4,3,9,4,7,2,6,12136,1754554654.3740094
3,13,2,9,3,10,3,6,2,5,3,12,12,2,9,30,12,6,12135,1754554654.7074132
2,8,6,10,13,2,7,14,28,6,9,2,7,11,3,5,20,1,12136,1754554654.7094142
8,7,0,4,2,12,6,5,4,4,3,8,25,14,0,10,6,9,12135,1754554655.0398278
3,11,2,26,9,3,1,15,5,4,8,1,4,2,6,7,6,0,12136,1754554655.0418289
1,31,0,13,14,0,4,4,9,4,7,1,31,11,8,7,5,9,12135,1754554655.3742986
3,2,0,20,2,13,1,12,3,2,5,4,11,8,3,6,10,0,12136,1754554655.3763032
6,34,2,10,14,5,4,1,9,9,21,2,23,0,2,26,6,22,12135,1754554655.7079911
1,9,2,1,21,20,2,3,4,8,0,1,1,5,3,2,1,16,12136,1754554655.7099948
12,10,3,1,6,3,1,1,14,9,27,13,6,19,1,36,6,13,12135,1754554656.0426977
8,1,3,6,11,22,3,5,4,0,7,3,8,4,3,0,4,13,12136,1754554656.0446813
